TermBits,InChannels,ClassCount,WeightBits,DSPCount,LC,FF,LC_dsp0
1,1,1,2,0,22,10,22
1,1,1,2,1,75,51,22
1,4,21,2,0,1039,19,1039
1,4,21,2,1,648,258,1039
1,4,21,2,3,1065,282,1039
1,4,21,2,7,1681,333,1039
1,6,23,2,0,1550,25,1550
1,6,23,2,1,719,284,1550
1,12,23,2,0,3080,43,3080
1,12,23,2,1,750,304,3080
1,14,23,2,0,3590,49,3590
1,14,23,2,1,768,310,3590
1,15,3,2,0,532,52,532
1,15,3,2,1,221,121,532
1,15,3,2,3,307,145,532
1,15,31,2,0,5124,52,5124
1,15,31,2,1,1018,385,5124
1,17,13,2,0,2569,58,2569
1,17,13,2,1,530,226,2569
1,17,21,2,0,4110,58,4110
1,17,21,2,1,752,302,4110
1,17,21,2,3,1112,326,4110
1,17,21,2,7,1761,377,4110
1,19,23,2,0,4612,64,4612
1,19,23,2,1,806,326,4612
1,20,9,2,0,2059,67,2059
1,20,9,2,1,425,199,2059
1,20,9,2,3,637,223,2059
1,32,15,2,0,5626,103,5626
1,32,15,2,1,617,290,5626
1,32,15,2,3,875,315,5626
1,32,15,2,5,1118,340,5626
1,1,1,3,0,26,10,26
1,1,1,3,1,76,53,26
1,1,23,3,0,551,10,551
1,1,23,3,1,685,266,551
1,8,18,3,0,2648,31,2648
1,8,18,3,1,592,247,2648
1,8,18,3,2,773,261,2648
1,8,18,3,3,886,275,2648
1,8,18,3,6,1332,326,2648
1,10,6,3,0,1072,37,1072
1,10,6,3,1,287,138,1072
1,10,6,3,2,350,152,1072
1,10,6,3,3,437,167,1072
1,10,6,3,6,610,217,1072
1,10,18,3,0,3174,37,3174
1,10,18,3,1,628,254,3174
1,10,18,3,2,805,268,3174
1,10,18,3,3,915,282,3174
1,10,18,3,6,1361,333,3174
1,10,21,3,0,3697,37,3697
1,10,21,3,1,703,281,3697
1,10,21,3,3,1083,310,3697
1,10,21,3,7,1736,375,3697
1,15,16,3,0,4229,52,4229
1,15,16,3,1,594,248,4229
1,15,16,3,2,703,262,4229
1,15,16,3,4,965,291,4229
1,15,16,3,8,1361,357,4229
1,15,18,3,0,4751,52,4751
1,15,18,3,1,662,270,4751
1,15,18,3,2,839,284,4751
1,15,18,3,3,929,298,4751
1,15,18,3,6,1387,350,4751
1,15,20,3,0,5271,52,5271
1,15,20,3,1,707,288,5271
1,15,20,3,2,968,302,5271
1,15,20,3,4,1195,331,5271
1,15,20,3,5,1283,345,5271
1,17,5,3,0,1600,58,1600
1,17,5,3,1,301,152,1600
1,17,5,3,5,516,210,1600
1,28,4,3,0,2124,91,2124
1,28,4,3,1,297,173,2124
1,28,4,3,2,345,187,2124
1,28,4,3,4,448,216,2124
1,31,10,3,0,5796,100,5796
1,31,10,3,1,511,244,5796
1,31,10,3,2,617,258,5796
1,31,10,3,5,846,301,5796
1,1,1,4,0,29,10,29
1,1,1,4,1,77,55,29
1,2,25,4,0,1091,13,1091
1,2,25,4,1,761,290,1091
1,2,25,4,5,1601,362,1091
1,5,5,4,0,565,22,565
1,5,5,4,1,237,114,565
1,5,5,4,5,461,185,565
1,10,24,4,0,5339,37,5339
1,10,24,4,1,771,310,5339
1,10,24,4,2,1003,326,5339
1,10,24,4,3,1164,343,5339
1,10,24,4,4,1361,359,5339
1,10,24,4,6,1614,401,5339
1,10,24,4,8,2111,433,5339
1,12,6,4,0,1616,43,1616
1,12,6,4,1,296,147,1616
1,12,6,4,2,363,163,1616
1,12,6,4,3,448,179,1616
1,12,6,4,6,625,235,1616
1,12,16,4,0,4270,43,4270
1,12,16,4,1,570,241,4270
1,12,16,4,2,680,257,4270
1,12,16,4,4,947,290,4270
1,12,16,4,8,1382,364,4270
1,14,12,4,0,3760,49,3760
1,14,12,4,1,480,211,3760
1,14,12,4,2,638,227,3760
1,14,12,4,3,668,243,3760
1,14,12,4,4,804,260,3760
1,14,12,4,6,955,300,3760
1,16,7,4,0,2692,55,2692
1,16,7,4,1,402,176,2692
1,16,7,4,7,950,287,2692
1,18,5,4,0,2159,61,2159
1,18,5,4,1,342,163,2159
1,18,5,4,5,665,240,2159
1,21,10,4,0,4811,70,4811
1,21,10,4,1,571,226,4811
1,21,10,4,2,689,243,4811
1,21,10,4,5,1100,304,4811
1,27,5,4,0,3231,88,3231
1,27,5,4,1,394,191,3231
1,27,5,4,5,705,267,3231
1,31,8,4,0,5894,100,5894
1,31,8,4,1,523,233,5894
1,31,8,4,2,638,250,5894
1,31,8,4,4,821,285,5894
1,31,8,4,8,1221,363,5894
1,1,1,5,0,32,10,32
1,1,1,5,1,78,57,32
1,2,11,5,0,582,13,582
1,2,11,5,1,377,162,582
1,2,32,5,0,1671,13,1671
1,2,32,5,1,926,355,1671
1,2,32,5,2,1152,373,1671
1,2,32,5,4,1567,416,1671
1,2,32,5,8,2369,490,1671
1,6,7,5,0,1128,25,1128
1,6,7,5,1,297,138,1128
1,6,7,5,7,693,254,1128
1,6,14,5,0,2229,25,2229
1,6,14,5,1,491,205,2229
1,6,14,5,2,642,223,2229
1,6,14,5,7,1124,322,2229
1,6,21,5,0,3332,25,3332
1,6,21,5,1,675,271,3332
1,6,21,5,3,1098,308,3332
1,6,21,5,7,1731,390,3332
1,6,28,5,0,4436,25,4436
1,6,28,5,1,868,335,4436
1,6,28,5,2,1187,353,4436
1,6,28,5,4,1613,398,4436
1,6,28,5,7,1936,453,4436
1,16,6,5,0,2781,55,2781
1,16,6,5,1,330,175,2781
1,16,6,5,2,404,195,2781
1,16,6,5,3,523,215,2781
1,16,6,5,6,743,283,2781
1,16,12,5,0,5526,55,5526
1,16,12,5,1,529,245,5526
1,16,12,5,2,718,265,5526
1,16,12,5,3,767,285,5526
1,16,12,5,4,933,314,5526
1,16,12,5,6,1103,354,5526
1,17,8,5,0,3886,58,3886
1,17,8,5,1,423,202,3886
1,17,8,5,2,497,222,3886
1,17,8,5,4,684,271,3886
1,17,8,5,8,1023,353,3886
1,22,8,5,0,5015,73,5015
1,22,8,5,1,443,217,5015
1,22,8,5,2,519,237,5015
1,22,8,5,4,716,286,5015
1,22,8,5,8,1035,368,5015
1,30,7,5,0,6082,97,6082
1,30,7,5,1,450,230,6082
1,30,7,5,7,929,360,6082
1,1,1,6,0,35,10,35
1,1,1,6,1,79,59,35
1,1,18,6,0,600,10,600
1,1,18,6,1,565,227,600
1,1,18,6,2,753,247,600
1,1,18,6,3,871,272,600
1,1,18,6,6,1287,333,600
1,2,19,6,0,1170,13,1170
1,2,19,6,1,593,240,1170
1,4,18,6,0,2306,19,2306
1,4,18,6,1,766,258,2306
1,4,18,6,2,1002,279,2306
1,4,18,6,3,1219,307,2306
1,4,18,6,6,1861,371,2306
1,5,18,6,0,2866,22,2866
1,5,18,6,1,791,262,2866
1,5,18,6,2,1007,283,2866
1,5,18,6,3,1243,311,2866
1,5,18,6,6,1882,375,2866
1,7,23,6,0,5151,28,5151
1,7,23,6,1,978,319,5151
1,9,6,6,0,1740,34,1740
1,9,6,6,1,321,155,1740
1,9,6,6,2,406,177,1740
1,9,6,6,3,519,207,1740
1,9,6,6,6,733,274,1740
1,15,8,6,0,4002,52,4002
1,15,8,6,1,412,196,4002
1,15,8,6,2,494,218,4002
1,15,8,6,4,682,270,4002
1,15,8,6,8,1021,360,4002
1,17,8,6,0,4593,58,4593
1,17,8,6,1,505,213,4593
1,17,8,6,2,627,236,4593
1,17,8,6,4,859,291,4593
1,17,8,6,8,1300,385,4593
1,24,7,6,0,5702,79,5702
1,24,7,6,1,494,222,5702
1,24,7,6,7,1144,370,5702
1,25,4,6,0,3429,82,3429
1,25,4,6,1,342,185,3429
1,25,4,6,2,419,208,3429
1,25,4,6,4,560,262,3429
1,31,6,6,0,6274,100,6274
1,31,6,6,1,480,231,6274
1,31,6,6,2,566,254,6274
1,31,6,6,3,712,285,6274
1,31,6,6,6,994,355,6274
1,1,1,7,0,38,10,38
1,1,1,7,1,80,61,38
1,4,4,7,0,598,19,598
1,4,4,7,1,205,113,598
1,4,4,7,2,269,137,598
1,4,4,7,4,397,190,598
1,5,22,7,0,4030,22,4030
1,5,22,7,1,807,327,4030
1,5,22,7,2,1166,351,4030
1,5,25,7,0,4596,22,4596
1,5,25,7,1,927,360,4596
1,5,25,7,5,1953,465,4596
1,7,20,7,0,5172,28,5172
1,7,20,7,1,769,312,5172
1,7,20,7,2,1092,336,5172
1,7,20,7,4,1421,393,5172
1,7,20,7,5,1479,416,5172
1,15,2,7,0,1173,52,1173
1,15,2,7,1,203,127,1173
1,15,2,7,2,247,152,1173
1,15,3,7,0,1750,52,1750
1,15,3,7,1,260,143,1750
1,15,3,7,3,406,199,1750
1,15,4,7,0,2314,52,2314
1,15,4,7,1,299,155,2314
1,15,4,7,2,375,180,2314
1,15,4,7,4,520,237,2314
1,15,5,7,0,2892,52,2892
1,15,5,7,1,367,171,2892
1,15,5,7,5,742,278,2892
1,15,6,7,0,3453,52,3453
1,15,6,7,1,406,183,3453
1,15,6,7,2,498,208,3453
1,15,6,7,3,643,240,3453
1,15,6,7,6,928,316,3453
1,15,10,7,0,5737,52,5737
1,15,10,7,1,627,235,5737
1,15,10,7,2,741,260,5737
1,15,10,7,5,1215,343,5737
1,27,6,7,0,6304,88,6304
1,27,6,7,1,441,228,6304
1,27,6,7,2,525,254,6304
1,27,6,7,3,624,288,6304
1,27,6,7,6,865,367,6304
1,1,1,8,0,41,10,41
1,1,1,8,1,85,65,41
1,3,26,8,0,3024,16,3024
1,3,26,8,1,939,366,3024
1,3,26,8,2,1295,392,3024
1,5,3,8,0,640,22,640
1,5,3,8,1,207,112,640
1,5,3,8,3,353,172,640
1,5,26,8,0,5406,22,5406
1,5,26,8,1,1239,401,5406
1,5,26,8,2,1547,428,5406
1,6,17,8,0,4196,25,4196
1,6,17,8,1,848,295,4196
1,14,3,8,0,1830,49,1830
1,14,3,8,1,263,146,1830
1,14,3,8,3,411,208,1830
1,14,4,8,0,2421,49,2421
1,14,4,8,1,294,159,2421
1,14,4,8,2,381,187,2421
1,14,4,8,4,557,250,2421
1,14,6,8,0,3615,49,3615
1,14,6,8,1,383,189,3615
1,14,6,8,2,484,217,3615
1,14,6,8,3,615,252,3615
1,14,6,8,6,868,337,3615
1,22,5,8,0,4794,73,4794
1,22,5,8,1,463,207,4794
1,22,5,8,5,988,332,4794
1,23,6,8,0,6040,76,6040
1,23,6,8,1,507,225,6040
1,23,6,8,2,677,254,6040
1,23,6,8,3,782,291,6040
1,23,6,8,6,1137,379,6040
1,27,1,8,0,1224,88,1224
1,27,1,8,1,226,158,1224
1,30,5,8,0,6590,97,6590
1,30,5,8,1,501,232,6590
1,30,5,8,5,1013,356,6590
2,1,1,2,0,28,12,28
2,1,1,2,1,75,54,28
2,7,19,2,0,2624,42,2624
2,7,19,2,1,643,266,2624
2,8,29,2,0,4696,47,4696
2,8,29,2,1,900,361,4696
2,9,3,2,0,547,52,547
2,9,3,2,1,204,121,547
2,9,3,2,3,293,146,547
2,9,6,2,0,1059,52,1059
2,9,6,2,1,292,152,1059
2,9,6,2,2,355,164,1059
2,9,6,2,3,439,177,1059
2,9,6,2,6,601,215,1059
2,9,12,2,0,2106,52,2106
2,9,12,2,1,462,210,2106
2,9,12,2,2,619,222,2106
2,9,12,2,3,649,235,2106
2,9,12,2,4,775,247,2106
2,9,12,2,6,922,273,2106
2,11,24,2,0,5221,62,5221
2,11,24,2,1,796,333,5221
2,11,24,2,2,1030,345,5221
2,11,24,2,3,1184,357,5221
2,11,24,2,4,1379,370,5221
2,11,24,2,6,1614,395,5221
2,11,24,2,8,2110,421,5221
2,19,4,2,0,1590,102,1590
2,19,4,2,1,280,183,1590
2,19,4,2,2,328,195,1590
2,19,4,2,4,438,220,1590
2,19,8,2,0,3139,102,3139
2,19,8,2,1,398,223,3139
2,19,8,2,2,460,235,3139
2,19,8,2,4,615,260,3139
2,19,8,2,8,871,311,3139
2,20,10,2,0,4174,107,4174
2,20,10,2,1,467,249,4174
2,20,10,2,2,568,261,4174
2,20,10,2,5,800,299,4174
2,25,7,2,0,3651,132,3651
2,25,7,2,1,414,244,3651
2,25,7,2,7,781,319,3651
2,25,11,2,0,5732,132,5732
2,25,11,2,1,533,284,5732
2,1,1,3,0,37,12,37
2,1,1,3,1,76,56,37
2,2,10,3,0,588,17,588
2,2,10,3,1,348,154,588
2,2,10,3,2,452,168,588
2,2,10,3,5,691,211,588
2,3,13,3,0,1149,22,1149
2,3,13,3,1,457,188,1149
2,3,19,3,0,1685,22,1685
2,3,19,3,1,613,245,1685
2,4,32,3,0,3883,27,3883
2,4,32,3,1,937,368,3883
2,4,32,3,2,1138,382,3883
2,4,32,3,4,1542,411,3883
2,4,32,3,8,2364,476,3883
2,5,30,3,0,4424,32,4424
2,5,30,3,1,927,357,4424
2,5,30,3,2,1299,371,4424
2,5,30,3,3,1409,385,4424
2,5,30,3,5,1825,414,4424
2,5,30,3,6,2096,436,4424
2,11,16,3,0,5532,62,5532
2,11,16,3,1,584,259,5532
2,11,16,3,2,695,273,5532
2,11,16,3,4,958,302,5532
2,11,16,3,8,1381,368,5532
2,12,9,3,0,3320,67,3320
2,12,9,3,1,399,200,3320
2,12,9,3,3,616,229,3320
2,16,10,3,0,4946,87,4946
2,16,10,3,1,431,230,4946
2,16,10,3,2,525,244,4946
2,16,10,3,5,771,287,4946
2,23,3,3,0,2233,122,2233
2,23,3,3,1,280,196,2233
2,23,3,3,3,370,224,2233
2,28,7,3,0,6072,147,6072
2,28,7,3,1,428,261,6072
2,28,7,3,7,801,355,6072
2,29,3,3,0,2770,152,2770
2,29,3,3,1,312,226,2770
2,29,3,3,3,409,254,2770
2,1,1,4,0,43,12,43
2,1,1,4,1,77,58,43
2,5,25,4,0,4597,32,4597
2,5,25,4,1,797,313,4597
2,5,25,4,5,1636,386,4597
2,7,9,4,0,2320,42,2320
2,7,9,4,1,375,175,2320
2,7,9,4,3,596,208,2320
2,8,2,4,0,623,47,623
2,8,2,4,1,144,106,623
2,8,2,4,2,177,122,623
2,11,7,4,0,2888,62,2888
2,11,7,4,1,341,176,2888
2,11,7,4,7,730,281,2888
2,22,2,4,0,1748,117,1748
2,22,2,4,1,236,183,1748
2,22,2,4,2,281,200,1748
2,22,6,4,0,5160,117,5160
2,22,6,4,1,424,231,5160
2,22,6,4,2,507,248,5160
2,22,6,4,3,587,265,5160
2,22,6,4,6,896,325,5160
2,26,4,4,0,4025,137,4025
2,26,4,4,1,337,227,4025
2,26,4,4,2,397,244,4025
2,26,4,4,4,532,279,4025
2,29,1,4,0,1189,152,1189
2,29,1,4,1,244,207,1189
2,29,3,4,0,3458,152,3458
2,29,3,4,1,333,232,3458
2,29,3,4,3,435,266,3458
2,29,5,4,0,5715,152,5715
2,29,5,4,1,427,256,5715
2,29,5,4,5,741,332,5715
2,32,5,4,0,6303,167,6303
2,32,5,4,1,396,277,6303
2,32,5,4,5,671,357,6303
2,1,1,5,0,49,12,49
2,1,1,5,1,78,60,49
2,2,14,5,0,1227,17,1227
2,2,14,5,1,457,194,1227
2,2,14,5,2,615,212,1227
2,2,14,5,7,1091,309,1227
2,3,28,5,0,3590,22,3590
2,3,28,5,1,856,331,3590
2,3,28,5,2,1151,349,3590
2,3,28,5,4,1588,393,3590
2,3,28,5,7,1927,448,3590
2,4,27,5,0,4767,27,4767
2,4,27,5,1,825,327,4767
2,4,27,5,3,1331,364,4767
2,6,9,5,0,2408,37,2408
2,6,9,5,1,363,172,2408
2,6,9,5,3,588,209,2408
2,6,20,5,0,5372,37,5372
2,6,20,5,1,649,275,5372
2,6,20,5,2,900,293,5372
2,6,20,5,4,1155,337,5372
2,6,20,5,5,1234,356,5372
2,7,2,5,0,644,42,644
2,7,2,5,1,148,103,644
2,7,2,5,2,184,121,644
2,8,5,5,0,1824,47,1824
2,8,5,5,1,293,149,1824
2,8,5,5,5,620,231,1824
2,13,5,5,0,3008,72,3008
2,13,5,5,1,346,176,3008
2,13,5,5,5,662,259,3008
2,18,5,5,0,4190,97,4190
2,18,5,5,1,341,208,4190
2,18,5,5,5,622,297,4190
2,28,5,5,0,6545,147,6545
2,28,5,5,1,407,259,6545
2,28,5,5,5,673,347,6545
2,31,4,5,0,5952,162,5952
2,31,4,5,1,367,259,5952
2,31,4,5,2,428,279,5952
2,31,4,5,4,565,327,5952
2,1,1,6,0,55,12,55
2,1,1,6,1,79,62,55
2,2,13,6,0,1303,17,1303
2,2,13,6,1,438,187,1303
2,2,19,6,0,1930,17,1930
2,2,19,6,1,594,245,1930
2,4,18,6,0,3782,27,3782
2,4,18,6,1,768,267,3782
2,4,18,6,2,991,288,3782
2,4,18,6,3,1227,316,3782
2,4,18,6,6,1860,380,3782
2,6,10,6,0,3160,37,3160
2,6,10,6,1,494,194,3160
2,6,10,6,2,616,215,3160
2,6,10,6,5,1036,286,3160
2,6,16,6,0,5033,37,5033
2,6,16,6,1,703,255,5033
2,6,16,6,2,896,276,5033
2,6,16,6,4,1243,326,5033
2,6,16,6,8,1934,412,5033
2,7,12,6,0,4410,42,4410
2,7,12,6,1,567,220,4410
2,7,12,6,2,744,241,4410
2,7,12,6,3,913,269,4410
2,7,12,6,4,1059,291,4410
2,7,12,6,6,1347,333,4410
2,8,6,6,0,2549,47,2549
2,8,6,6,1,304,168,2549
2,8,6,6,2,393,190,2549
2,8,6,6,3,505,218,2549
2,8,6,6,6,716,285,2549
2,12,1,6,0,663,67,663
2,12,1,6,1,159,126,663
2,21,5,6,0,5713,112,5713
2,21,5,6,1,409,231,5713
2,21,5,6,5,782,332,5713
2,23,5,6,0,6322,122,6322
2,23,5,6,1,422,241,6322
2,23,5,6,5,800,342,6322
2,31,4,6,0,6917,162,6917
2,31,4,6,1,395,266,6917
2,31,4,6,2,470,289,6917
2,31,4,6,4,612,343,6917
2,1,1,7,0,61,12,61
2,1,1,7,1,80,64,61
2,1,11,7,0,657,12,657
2,1,11,7,1,380,165,657
2,2,11,7,0,1280,17,1280
2,2,11,7,1,484,183,1280
2,4,8,7,0,1899,27,1899
2,4,8,7,1,341,170,1899
2,4,8,7,2,460,194,1899
2,4,8,7,4,628,248,1899
2,4,8,7,8,962,346,1899
2,10,5,7,0,3102,57,3102
2,10,5,7,1,347,176,3102
2,10,5,7,5,727,284,3102
2,10,7,7,0,4331,57,4331
2,10,7,7,1,447,201,4331
2,10,7,7,7,1103,360,4331
2,10,8,7,0,4947,57,4947
2,10,8,7,1,479,213,4947
2,10,8,7,2,603,238,4947
2,10,8,7,4,827,296,4947
2,10,8,7,8,1265,398,4947
2,12,5,7,0,3710,67,3710
2,12,5,7,1,354,186,3710
2,12,5,7,5,732,294,3710
2,14,7,7,0,6158,77,6158
2,14,7,7,1,471,221,6158
2,14,7,7,7,1122,380,6158
2,20,2,7,0,2508,107,2508
2,20,2,7,1,254,188,2508
2,20,2,7,2,299,214,2508
2,27,4,7,0,6770,142,6770
2,27,4,7,1,375,253,6770
2,27,4,7,2,449,279,6770
2,27,4,7,4,613,339,6770
2,29,3,7,0,5525,152,5525
2,29,3,7,1,359,250,5525
2,29,3,7,3,503,309,5525
2,1,1,8,0,67,12,67
2,1,1,8,1,85,68,67
2,1,30,8,0,1969,12,1969
2,1,30,8,1,1116,373,1969
2,1,30,8,2,1413,398,1969
2,1,30,8,3,1740,430,1969
2,1,30,8,5,2387,480,1969
2,1,30,8,6,2648,506,1969
2,2,25,8,0,3240,17,3240
2,2,25,8,1,896,355,3240
2,2,25,8,5,1928,467,3240
2,2,30,8,0,3875,17,3875
2,2,30,8,1,1047,410,3875
2,2,30,8,2,1483,436,3875
2,2,30,8,3,1649,470,3875
2,2,30,8,5,2163,522,3875
2,2,30,8,6,2498,549,3875
2,3,26,8,0,5130,22,5130
2,3,26,8,1,942,373,5130
2,3,26,8,2,1296,399,5130
2,5,4,8,0,1346,32,1346
2,5,4,8,1,254,136,1346
2,5,4,8,2,330,163,1346
2,5,4,8,4,474,223,1346
2,10,1,8,0,707,57,707
2,10,1,8,1,157,124,707
2,18,2,8,0,2574,97,2574
2,18,2,8,1,250,183,2574
2,18,2,8,2,300,212,2574
2,21,3,8,0,4520,112,4520
2,21,3,8,1,324,215,4520
2,21,3,8,3,496,281,4520
2,27,3,8,0,5747,142,5747
2,27,3,8,1,357,246,5747
2,27,3,8,3,502,311,5747
2,30,3,8,0,6413,157,6413
2,30,3,8,1,362,261,6413
2,30,3,8,3,504,326,6413
2,32,3,8,0,7048,167,7048
2,32,3,8,1,369,275,7048
2,32,3,8,3,531,342,7048
3,1,1,2,0,36,14,36
3,1,1,2,1,80,57,36
3,3,23,2,0,1654,28,1654
3,3,23,2,1,725,287,1654
3,8,22,2,0,4349,63,4349
3,8,22,2,1,746,315,4349
3,8,22,2,2,1023,327,4349
3,10,2,2,0,579,77,579
3,10,2,2,1,232,135,579
3,10,2,2,2,262,147,579
3,12,18,2,0,5409,91,5409
3,12,18,2,1,713,308,5409
3,12,18,2,2,895,320,5409
3,12,18,2,3,1007,333,5409
3,12,18,2,6,1439,371,5409
3,15,7,2,0,2719,112,2719
3,15,7,2,1,461,223,2719
3,15,7,2,7,832,298,2719
3,18,7,2,0,3261,133,3261
3,18,7,2,1,485,245,3261
3,18,7,2,7,863,321,3261
3,19,2,2,0,1109,140,1109
3,19,2,2,1,342,200,1109
3,19,2,2,2,373,212,1109
3,20,4,2,0,2183,147,2183
3,20,4,2,1,416,229,2183
3,20,4,2,2,460,241,2183
3,20,4,2,4,564,266,2183
3,23,8,2,0,4884,168,4884
3,23,8,2,1,580,290,4884
3,23,8,2,2,636,302,4884
3,23,8,2,4,783,327,4884
3,23,8,2,8,1051,378,4884
3,24,6,2,0,3799,175,3799
3,24,6,2,1,533,279,3799
3,24,6,2,2,586,291,3799
3,24,6,2,3,654,303,3799
3,24,6,2,6,845,341,3799
3,32,7,2,0,5953,231,5953
3,32,7,2,1,716,352,5953
3,32,7,2,7,1273,433,5953
3,1,1,3,0,48,14,48
3,1,1,3,1,81,59,48
3,1,15,3,0,634,14,634
3,1,15,3,1,487,196,634
3,1,15,3,3,752,225,634
3,1,15,3,5,1000,254,634
3,1,30,3,0,1210,14,1210
3,1,30,3,1,891,335,1210
3,1,30,3,2,1248,349,1210
3,1,30,3,3,1377,364,1210
3,1,30,3,5,1762,393,1210
3,1,30,3,6,2064,413,1210
3,2,25,3,0,1802,21,1802
3,2,25,3,1,776,298,1802
3,2,25,3,5,1603,356,1802
3,4,16,3,0,2374,35,2374
3,4,16,3,1,538,229,2374
3,4,16,3,2,657,243,2374
3,4,16,3,4,923,272,2374
3,4,16,3,8,1345,336,2374
3,6,16,3,0,3557,49,3557
3,6,16,3,1,573,245,3557
3,6,16,3,2,693,259,3557
3,6,16,3,4,958,288,3557
3,6,16,3,8,1348,353,3557
3,6,19,3,0,4139,49,4139
3,6,19,3,1,667,275,4139
3,11,7,3,0,2970,84,2970
3,11,7,3,1,485,205,2970
3,11,7,3,7,1049,304,2970
3,17,8,3,0,5274,126,5274
3,17,8,3,1,550,268,5274
3,17,8,3,2,624,284,5274
3,17,8,3,4,804,317,5274
3,17,8,3,8,1136,391,5274
3,29,4,3,0,4745,210,4745
3,29,4,3,1,565,304,4745
3,29,4,3,2,623,320,4745
3,29,4,3,4,751,353,4745
3,29,5,3,0,5895,210,5895
3,29,5,3,1,619,319,5895
3,29,5,3,5,868,384,5895
3,32,5,3,0,6477,231,6477
3,32,5,3,1,661,346,6477
3,32,5,3,5,1020,415,6477
3,1,1,4,0,60,14,60
3,1,1,4,1,82,61,60
3,1,12,4,0,666,14,666
3,1,12,4,1,401,171,666
3,1,12,4,2,563,187,666
3,1,12,4,3,598,203,666
3,1,12,4,4,728,220,666
3,1,12,4,6,868,256,666
3,1,24,4,0,1270,14,1270
3,1,24,4,1,715,283,1270
3,1,24,4,2,954,299,1270
3,1,24,4,3,1096,315,1270
3,1,24,4,4,1309,332,1270
3,1,24,4,6,1555,369,1270
3,1,24,4,8,2056,403,1270
3,4,18,4,0,3734,35,3734
3,4,18,4,1,791,272,3734
3,4,18,4,2,1014,289,3734
3,4,18,4,3,1246,306,3734
3,4,18,4,6,1880,365,3734
3,5,9,4,0,2493,42,2493
3,5,9,4,1,486,186,2493
3,5,9,4,3,742,220,2493
3,9,9,4,0,4338,70,4338
3,9,9,4,1,502,226,4338
3,9,9,4,3,762,262,4338
3,11,5,4,0,3106,84,3106
3,11,5,4,1,391,192,3106
3,11,5,4,5,658,272,3106
3,17,6,4,0,5561,126,5561
3,17,6,4,1,538,254,5561
3,17,6,4,2,626,273,5561
3,17,6,4,3,756,293,5561
3,17,6,4,6,1046,359,5561
3,18,5,4,0,4919,133,4919
3,18,5,4,1,504,249,4919
3,18,5,4,5,877,334,4919
3,22,5,4,0,6166,161,6166
3,22,5,4,1,562,277,6166
3,22,5,4,5,923,362,6166
3,30,1,4,0,1882,217,1882
3,30,1,4,1,452,277,1882
3,30,4,4,0,6762,217,6762
3,30,4,4,1,580,318,6762
3,30,4,4,2,654,337,6762
3,30,4,4,4,795,376,6762
3,1,1,5,0,70,14,70
3,1,1,5,1,83,63,70
3,1,20,5,0,1267,14,1267
3,1,20,5,1,617,249,1267
3,1,20,5,2,881,267,1267
3,1,20,5,4,1150,309,1267
3,1,20,5,5,1200,326,1267
3,2,25,5,0,3064,21,3064
3,2,25,5,1,984,328,3064
3,2,25,5,5,2105,412,3064
3,3,13,5,0,2459,28,2459
3,3,13,5,1,601,213,2459
3,5,2,5,0,663,42,663
3,5,2,5,1,180,110,663
3,5,2,5,2,219,130,663
3,5,14,5,0,4298,42,4298
3,5,14,5,1,598,254,4298
3,5,14,5,2,790,274,4298
3,5,14,5,7,1358,383,4298
3,5,16,5,0,4907,42,4907
3,5,16,5,1,648,276,4907
3,5,16,5,2,795,296,4907
3,5,16,5,4,1125,344,4907
3,5,16,5,8,1630,426,4907
3,7,4,5,0,1853,56,1853
3,7,4,5,1,285,150,1853
3,7,4,5,2,354,170,1853
3,7,4,5,4,468,216,1853
3,7,12,5,0,5464,56,5464
3,7,12,5,1,562,246,5464
3,7,12,5,2,761,266,5464
3,7,12,5,3,798,286,5464
3,7,12,5,4,961,314,5464
3,7,12,5,6,1127,354,5464
3,11,5,5,0,3683,84,3683
3,11,5,5,1,430,200,3683
3,11,5,5,5,798,292,3683
3,18,5,5,0,6091,133,6091
3,18,5,5,1,496,257,6091
3,18,5,5,5,821,354,6091
3,25,4,5,0,6687,182,6687
3,25,4,5,1,532,290,6687
3,25,4,5,2,610,312,6687
3,25,4,5,4,762,364,6687
3,1,1,6,0,77,14,77
3,1,1,6,1,88,67,77
3,1,20,6,0,1436,14,1436
3,1,20,6,1,822,272,1436
3,1,20,6,2,1042,293,1436
3,1,20,6,4,1526,341,1436
3,1,20,6,5,1754,361,1436
3,3,20,6,0,4181,28,4181
3,3,20,6,1,758,309,4181
3,3,20,6,2,1081,331,4181
3,3,20,6,4,1402,382,4181
3,3,20,6,5,1471,405,4181
3,9,1,6,0,746,70,746
3,9,1,6,1,212,134,746
3,9,4,6,0,2799,70,2799
3,9,4,6,1,339,178,2799
3,9,4,6,2,426,202,2799
3,9,4,6,4,595,257,2799
3,9,7,6,0,4867,70,4867
3,9,7,6,1,470,220,4867
3,9,7,6,7,1026,374,4867
3,9,8,6,0,5560,70,5560
3,9,8,6,1,495,234,5560
3,9,8,6,2,634,258,5560
3,9,8,6,4,810,314,5560
3,9,8,6,8,1205,412,5560
3,22,2,6,0,3513,161,3513
3,22,2,6,1,417,244,3513
3,22,2,6,2,466,269,3513
3,25,1,6,0,2130,182,2130
3,25,1,6,1,409,250,2130
3,26,3,6,0,6230,189,6230
3,26,3,6,1,519,290,6230
3,26,3,6,3,679,347,6230
3,29,3,6,0,6923,210,6923
3,29,3,6,1,573,311,6923
3,29,3,6,3,714,368,6923
3,32,3,6,0,7602,231,7602
3,32,3,6,1,584,336,7602
3,32,3,6,3,745,395,7602
3,1,1,7,0,87,14,87
3,1,1,7,1,93,71,87
3,1,25,7,0,2168,14,2168
3,1,25,7,1,901,350,2168
3,1,25,7,5,1927,453,2168
3,2,9,7,0,1469,21,1469
3,2,9,7,1,499,188,1469
3,2,9,7,3,816,243,1469
3,3,3,7,0,777,28,777
3,3,3,7,1,217,117,777
3,3,3,7,3,354,171,777
3,7,7,7,0,4242,56,4242
3,7,7,7,1,439,207,4242
3,7,7,7,7,1008,371,4242
3,8,4,7,0,2832,63,2832
3,8,4,7,1,318,176,2832
3,8,4,7,2,408,203,2832
3,8,4,7,4,605,263,2832
3,8,5,7,0,3543,63,3543
3,8,5,7,1,438,194,3543
3,8,5,7,5,958,308,3543
3,14,5,7,0,6276,105,6276
3,14,5,7,1,537,238,6276
3,14,5,7,5,1047,353,6276
3,26,3,7,0,7014,189,7014
3,26,3,7,1,530,296,7014
3,26,3,7,3,690,359,7014
3,27,2,7,0,4919,196,4919
3,27,2,7,1,486,284,4919
3,27,2,7,2,539,312,4919
3,28,3,7,0,7705,203,7705
3,28,3,7,1,556,310,7705
3,28,3,7,3,715,373,7705
3,30,2,7,0,5617,217,5617
3,30,2,7,1,517,305,5617
3,30,2,7,2,571,333,5617
3,1,1,8,0,99,14,99
3,1,1,8,1,98,75,99
3,1,8,8,0,765,14,765
3,1,8,8,1,419,166,765
3,1,8,8,2,545,193,765
3,1,8,8,4,770,251,765
3,1,8,8,8,1208,365,765
3,1,23,8,0,2130,14,2130
3,1,23,8,1,1048,354,2130
3,2,8,8,0,1456,21,1456
3,2,8,8,1,384,183,1456
3,2,8,8,2,525,211,1456
3,2,8,8,4,711,272,1456
3,2,8,8,8,1113,386,1456
3,3,10,8,0,2823,28,2823
3,3,10,8,1,498,221,2823
3,3,10,8,2,654,249,2823
3,3,10,8,5,1011,340,2823
3,4,11,8,0,4166,35,4166
3,4,11,8,1,688,254,4166
3,5,10,8,0,4883,42,4883
3,5,10,8,1,664,248,4883
3,5,10,8,2,884,277,4883
3,5,10,8,5,1444,372,4883
3,6,6,8,0,3509,49,3509
3,6,6,8,1,460,196,3509
3,6,6,8,2,632,225,3509
3,6,6,8,3,725,260,3509
3,6,6,8,6,1119,348,3509
3,7,8,8,0,5539,56,5539
3,7,8,8,1,574,231,5539
3,7,8,8,2,726,260,5539
3,7,8,8,4,1043,325,5539
3,7,8,8,8,1615,443,5539
3,17,4,8,0,6986,126,6986
3,17,4,8,1,476,255,6986
3,17,4,8,2,566,286,6986
3,17,4,8,4,767,356,6986
3,25,3,8,0,7601,182,7601
3,25,3,8,1,537,295,7601
3,25,3,8,3,705,364,7601
3,30,2,8,0,6253,217,6253
3,30,2,8,1,523,310,6253
3,30,2,8,2,578,341,6253
4,1,1,2,0,40,16,40
4,1,1,2,1,81,60,40
4,4,29,2,0,3352,43,3352
4,4,29,2,1,913,357,3352
4,6,13,2,0,2237,61,2237
4,6,13,2,1,521,229,2237
4,8,7,2,0,1699,79,1699
4,8,7,2,1,364,189,1699
4,8,7,2,7,743,264,1699
4,9,2,2,0,597,88,597
4,9,2,2,1,241,147,597
4,9,2,2,2,273,159,597
4,13,7,2,0,2787,124,2787
4,13,7,2,1,467,236,2787
4,13,7,2,7,833,311,2787
4,14,9,2,0,3899,133,3899
4,14,9,2,1,541,266,3899
4,14,9,2,3,747,291,3899
4,18,9,2,0,5001,169,5001
4,18,9,2,1,681,314,5001
4,18,9,2,3,923,340,5001
4,28,5,2,0,4455,259,4455
4,28,5,2,1,657,361,4455
4,28,5,2,5,957,414,4455
4,28,7,2,0,6118,259,6118
4,28,7,2,1,747,381,6118
4,28,7,2,7,1288,462,6118
4,29,1,2,0,1144,268,1144
4,29,1,2,1,503,321,1144
4,29,6,2,0,5563,268,5563
4,29,6,2,1,708,380,5563
4,29,6,2,2,796,393,5563
4,29,6,2,3,874,406,5563
4,29,6,2,6,1170,447,5563
4,1,1,3,0,55,16,55
4,1,1,3,1,82,62,55
4,2,7,3,0,637,25,637
4,2,7,3,1,279,133,637
4,2,7,3,7,666,223,637
4,2,14,3,0,1227,25,1227
4,2,14,3,1,472,200,1227
4,2,14,3,2,627,214,1227
4,2,14,3,7,1094,291,1227
4,3,19,3,0,2391,34,2391
4,3,19,3,1,639,259,2391
4,3,23,3,0,2992,34,2992
4,3,23,3,1,733,296,2992
4,5,8,3,0,1821,52,1821
4,5,8,3,1,442,182,1821
4,5,8,3,2,550,197,1821
4,5,8,3,4,743,228,1821
4,5,8,3,8,1132,296,1821
4,5,22,3,0,4737,52,4737
4,5,22,3,1,959,329,4737
4,5,22,3,2,1210,344,4737
4,6,20,3,0,5343,61,5343
4,6,20,3,1,885,318,5343
4,6,20,3,2,1122,333,5343
4,6,20,3,4,1603,364,5343
4,6,20,3,5,1806,380,5343
4,14,9,3,0,5932,133,5932
4,14,9,3,1,591,288,5932
4,14,9,3,3,848,321,5932
4,15,5,3,0,3574,142,3574
4,15,5,3,1,469,250,3574
4,15,5,3,5,724,315,3574
4,27,5,3,0,6515,250,6515
4,27,5,3,1,680,366,6515
4,27,5,3,5,1031,435,6515
4,28,3,3,0,4153,259,4153
4,28,3,3,1,581,347,4153
4,28,3,3,3,713,381,4153
4,1,1,4,0,71,16,71
4,1,1,4,1,83,64,71
4,3,7,4,0,1287,34,1287
4,3,7,4,1,384,154,1287
4,3,7,4,7,951,263,1287
4,3,17,4,0,3091,34,3091
4,3,17,4,1,771,261,3091
4,3,20,4,0,3697,34,3697
4,3,20,4,1,849,291,3697
4,3,20,4,2,1085,308,3697
4,3,20,4,4,1549,343,3697
4,3,20,4,5,1783,367,3697
4,4,10,4,0,2488,43,2488
4,4,10,4,1,450,208,2488
4,4,10,4,2,580,226,2488
4,4,10,4,5,876,286,2488
4,5,2,4,0,663,52,663
4,5,2,4,1,187,119,663
4,5,2,4,2,225,137,663
4,5,6,4,0,1893,52,1893
4,5,6,4,1,337,170,1893
4,5,6,4,2,423,188,1893
4,5,6,4,3,529,207,1893
4,5,6,4,6,723,268,1893
4,5,18,4,0,5519,52,5519
4,5,18,4,1,732,310,5519
4,5,18,4,2,958,328,5519
4,5,18,4,3,1088,346,5519
4,5,18,4,6,1615,408,5519
4,18,5,4,0,6050,169,6050
4,18,5,4,1,527,292,6050
4,18,5,4,5,851,381,6050
4,21,3,4,0,4303,196,4303
4,21,3,4,1,498,289,4303
4,21,3,4,3,632,330,4303
4,24,3,4,0,4906,223,4906
4,24,3,4,1,529,317,4906
4,24,3,4,3,657,357,4906
4,25,4,4,0,6721,232,6721
4,25,4,4,1,583,339,6721
4,25,4,4,2,650,359,6721
4,25,4,4,4,801,400,6721
4,1,1,5,0,89,16,89
4,1,1,5,1,88,68,89
4,2,5,5,0,802,25,802
4,2,5,5,1,258,131,802
4,2,5,5,5,534,215,802
4,3,9,5,0,2162,34,2162
4,3,9,5,1,421,189,2162
4,3,9,5,3,690,230,2162
4,3,15,5,0,3534,34,3534
4,3,15,5,1,611,256,3534
4,3,15,5,3,933,296,3534
4,3,15,5,5,1245,344,3534
4,3,24,5,0,5705,34,5705
4,3,24,5,1,884,359,5705
4,3,24,5,2,1169,379,5705
4,3,24,5,3,1340,399,5705
4,3,24,5,4,1607,427,5705
4,3,24,5,6,1914,467,5705
4,3,24,5,8,2504,509,5705
4,5,7,5,0,2850,52,2850
4,5,7,5,1,455,192,2850
4,5,7,5,7,1093,326,2850
4,6,10,5,0,4930,61,4930
4,6,10,5,1,615,240,4930
4,6,10,5,2,737,261,4930
4,6,10,5,5,1176,332,4930
4,10,5,5,0,4248,97,4248
4,10,5,5,1,419,220,4248
4,10,5,5,5,740,316,4248
4,16,1,5,0,1486,151,1486
4,16,1,5,1,320,216,1486
4,19,4,5,0,6408,178,6408
4,19,4,5,1,510,292,6408
4,19,4,5,2,596,315,6408
4,19,4,5,4,791,369,6408
4,27,3,5,0,7127,250,7127
4,27,3,5,1,593,350,7127
4,27,3,5,3,741,396,7127
4,29,3,5,0,7728,268,7728
4,29,3,5,1,629,368,7728
4,29,3,5,3,767,414,7728
4,1,1,6,0,99,16,99
4,1,1,6,1,93,72,99
4,2,8,6,0,1472,25,1472
4,2,8,6,1,430,175,1472
4,2,8,6,2,554,198,1472
4,2,8,6,4,779,249,1472
4,2,8,6,8,1204,343,1472
4,2,12,6,0,2168,25,2168
4,2,12,6,1,588,227,2168
4,2,12,6,2,784,250,2168
4,2,12,6,3,983,278,2168
4,2,12,6,4,1108,302,2168
4,2,12,6,6,1424,348,2168
4,4,2,6,0,772,43,772
4,4,2,6,1,186,118,772
4,4,2,6,2,233,142,772
4,4,13,6,0,4934,43,4934
4,4,13,6,1,624,273,4934
4,5,9,6,0,4221,52,4221
4,5,9,6,1,502,231,4221
4,5,9,6,3,822,285,4221
4,6,5,6,0,2852,61,2852
4,6,5,6,1,356,184,2852
4,6,5,6,5,681,287,2852
4,9,4,6,0,3514,88,3514
4,9,4,6,1,362,202,3514
4,9,4,6,2,461,227,3514
4,9,4,6,4,642,284,3514
4,21,3,6,0,6327,196,6327
4,21,3,6,1,520,301,6327
4,21,3,6,3,681,361,6327
4,23,3,6,0,6885,214,6885
4,23,3,6,1,546,320,6885
4,23,3,6,3,703,379,6885
4,26,3,6,0,7693,241,7693
4,26,3,6,1,582,347,7693
4,26,3,6,3,739,406,7693
4,28,2,6,0,5608,259,5608
4,28,2,6,1,553,346,5608
4,28,2,6,2,605,372,5608
4,1,1,7,0,114,16,114
4,1,1,7,1,98,76,114
4,1,14,7,0,1501,16,1501
4,1,14,7,1,730,243,1501
4,1,14,7,2,907,268,1501
4,1,14,7,7,1722,399,1501
4,1,27,7,0,2889,16,2889
4,1,27,7,1,1228,403,2889
4,1,27,7,3,1874,460,2889
4,2,18,7,0,3582,25,3582
4,2,18,7,1,770,324,3582
4,2,18,7,2,1040,350,3582
4,2,18,7,3,1173,382,3582
4,2,18,7,6,1815,461,3582
4,4,5,7,0,2186,43,2186
4,4,5,7,1,401,173,2186
4,4,5,7,5,911,286,2186
4,4,10,7,0,4250,43,4250
4,4,10,7,1,645,247,4250
4,4,10,7,2,864,274,4250
4,4,10,7,5,1425,361,4250
4,7,1,7,0,821,70,821
4,7,1,7,1,199,137,821
4,10,5,7,0,5562,97,5562
4,10,5,7,1,451,236,5562
4,10,5,7,5,825,356,5562
4,14,4,7,0,6340,133,6340
4,14,4,7,1,448,254,6340
4,14,4,7,2,550,282,6340
4,14,4,7,4,699,345,6340
4,21,3,7,0,7141,196,7141
4,21,3,7,1,529,307,7141
4,21,3,7,3,698,373,7141
4,22,2,7,0,4980,205,4980
4,22,2,7,1,475,297,4980
4,22,2,7,2,532,326,4980
4,23,3,7,0,7738,214,7738
4,23,3,7,1,556,326,7738
4,23,3,7,3,726,391,7738
4,1,1,8,0,124,16,124
4,1,1,8,1,103,80,124
4,1,7,8,0,842,16,842
4,1,7,8,1,352,165,842
4,1,7,8,7,931,342,842
4,1,14,8,0,1619,16,1619
4,1,14,8,1,614,260,1619
4,1,14,8,2,840,288,1619
4,1,14,8,7,1523,434,1619
4,1,27,8,0,3118,16,3118
4,1,27,8,1,1102,433,3118
4,1,27,8,3,1827,496,3118
4,7,7,8,0,6062,70,6062
4,7,7,8,1,493,240,6062
4,7,7,8,7,1146,428,6062
4,15,2,8,0,3831,142,3831
4,15,2,8,1,375,234,3831
4,15,2,8,2,432,265,3831
4,18,1,8,0,2369,169,2369
4,18,1,8,1,373,248,2369
4,18,2,8,0,4562,169,4562
4,18,2,8,1,428,266,4562
4,18,2,8,2,485,298,4562
4,20,3,8,0,7703,187,7703
4,20,3,8,1,517,304,7703
4,20,3,8,3,699,376,7703
4,21,2,8,0,5311,196,5311
4,21,2,8,1,469,293,5311
4,21,2,8,2,526,325,5311
4,27,2,8,0,6783,250,6783
4,27,2,8,1,556,347,6783
4,27,2,8,2,618,379,6783
4,32,2,8,0,8287,295,8287
4,32,2,8,1,611,395,8287
4,32,2,8,2,706,428,8287
5,1,1,2,0,45,18,45
5,1,1,2,1,83,63,45
5,2,18,2,0,1141,29,1141
5,2,18,2,1,581,243,1141
5,2,18,2,2,765,255,1141
5,2,18,2,3,875,267,1141
5,2,18,2,6,1308,305,1141
5,2,27,2,0,1702,29,1702
5,2,27,2,1,829,324,1702
5,2,27,2,3,1323,349,1702
5,3,6,2,0,596,40,596
5,3,6,2,1,277,140,596
5,3,6,2,2,345,152,596
5,3,6,2,3,427,164,596
5,3,6,2,6,597,202,596
5,3,29,2,0,2795,40,2795
5,3,29,2,1,919,355,2795
5,5,31,2,0,5019,62,5019
5,5,31,2,1,1008,397,5019
5,8,8,2,0,2232,95,2232
5,8,8,2,1,482,224,2232
5,8,8,2,2,594,237,2232
5,8,8,2,4,790,264,2232
5,8,8,2,8,1171,319,2232
5,10,16,2,0,5553,117,5553
5,10,16,2,1,831,332,5553
5,10,16,2,2,1017,345,5553
5,10,16,2,4,1351,372,5553
5,10,16,2,8,2024,427,5553
5,26,4,2,0,3891,293,3891
5,26,4,2,1,613,387,3891
5,26,4,2,2,671,401,3891
5,26,4,2,4,802,430,3891
5,28,6,2,0,6113,315,6113
5,28,6,2,1,728,435,6113
5,28,6,2,2,795,449,6113
5,28,6,2,3,869,463,6113
5,28,6,2,6,1102,507,6113
5,29,3,2,0,3359,326,3359
5,29,3,2,1,653,409,3359
5,29,3,2,3,762,437,3359
5,30,4,2,0,4487,337,4487
5,30,4,2,1,670,431,4487
5,30,4,2,2,729,445,4487
5,30,4,2,4,853,474,4487
5,1,1,3,0,63,18,63
5,1,1,3,1,84,65,63
5,4,6,3,0,1294,51,1294
5,4,6,3,1,319,167,1294
5,4,6,3,2,405,183,1294
5,4,6,3,3,509,199,1294
5,4,6,3,6,712,253,1294
5,6,2,3,0,684,73,684
5,6,2,3,1,218,139,684
5,6,2,3,2,255,155,684
5,6,6,3,0,1920,73,1920
5,6,6,3,1,362,191,1920
5,6,6,3,2,447,207,1920
5,6,6,3,3,548,223,1920
5,6,6,3,6,746,278,1920
5,6,10,3,0,3152,73,3152
5,6,10,3,1,499,238,3152
5,6,10,3,2,625,254,3152
5,6,10,3,5,914,304,3152
5,6,12,3,0,3765,73,3765
5,6,12,3,1,557,261,3765
5,6,12,3,2,756,277,3765
5,6,12,3,3,795,293,3765
5,6,12,3,4,949,310,3765
5,6,12,3,6,1117,349,3765
5,10,8,3,0,4394,117,4394
5,10,8,3,1,577,268,4394
5,10,8,3,2,698,285,4394
5,10,8,3,4,910,320,4394
5,10,8,3,8,1326,397,4394
5,20,5,3,0,5604,227,5604
5,20,5,3,1,597,349,5604
5,20,5,3,5,903,423,5604
5,21,2,3,0,2534,238,2534
5,21,2,3,1,477,314,2534
5,21,2,3,2,519,332,2534
5,22,4,3,0,4988,249,4988
5,22,4,3,1,577,355,4988
5,22,4,3,2,639,373,4988
5,22,4,3,4,792,410,4988
5,22,5,3,0,6189,249,6189
5,22,5,3,1,632,371,6189
5,22,5,3,5,937,445,6189
5,30,4,3,0,6845,337,6845
5,30,4,3,1,696,443,6845
5,30,4,3,2,764,461,6845
5,30,4,3,4,912,498,6845
5,1,1,4,0,81,18,81
5,1,1,4,1,89,69,81
5,2,10,4,0,1463,29,1463
5,2,10,4,1,423,193,1463
5,2,10,4,2,552,211,1463
5,2,10,4,5,847,270,1463
5,3,13,4,0,2836,40,2836
5,3,13,4,1,555,239,2836
5,3,23,4,0,4948,40,4948
5,3,23,4,1,858,353,4948
5,8,7,4,0,4260,95,4260
5,8,7,4,1,461,242,4260
5,8,7,4,7,1016,370,4260
5,9,1,4,0,765,106,765
5,9,1,4,1,245,168,765
5,9,5,4,0,3513,106,3513
5,9,5,4,1,427,228,3513
5,9,5,4,5,738,316,3513
5,18,4,4,0,5613,205,5613
5,18,4,4,1,521,318,5613
5,18,4,4,2,602,339,5613
5,18,4,4,4,792,382,5613
5,25,1,4,0,2146,282,2146
5,25,1,4,1,505,348,2146
5,26,3,4,0,6302,293,6302
5,26,3,4,1,616,392,6302
5,26,3,4,3,765,434,6302
5,29,3,4,0,6980,326,6980
5,29,3,4,1,684,425,6980
5,29,3,4,3,832,467,6980
5,32,3,4,0,7677,359,7677
5,32,3,4,1,708,462,7677
5,32,3,4,3,860,506,7677
5,1,1,5,0,102,18,102
5,1,1,5,1,94,73,102
5,1,16,5,0,1534,18,1534
5,1,16,5,1,591,249,1534
5,1,16,5,2,736,269,1534
5,1,16,5,4,1063,314,1534
5,1,16,5,8,1575,396,1534
5,1,24,5,0,2207,18,2207
5,1,24,5,1,843,341,2207
5,1,24,5,2,1140,361,2207
5,1,24,5,3,1306,381,2207
5,1,24,5,4,1573,407,2207
5,1,24,5,6,1862,447,2207
5,1,24,5,8,2472,489,2207
5,4,2,5,0,780,51,780
5,4,2,5,1,192,125,780
5,4,2,5,2,238,147,780
5,5,6,5,0,2916,62,2916
5,5,6,5,1,379,197,2916
5,5,6,5,2,484,219,2916
5,5,6,5,3,608,242,2916
5,5,6,5,6,852,315,2916
5,6,10,5,0,5670,73,5670
5,6,10,5,1,554,264,5670
5,6,10,5,2,707,286,5670
5,6,10,5,5,1056,360,5670
5,11,4,5,0,4347,128,4347
5,11,4,5,1,414,241,4347
5,11,4,5,2,514,264,4347
5,11,4,5,4,702,317,4347
5,18,2,5,0,3600,205,3600
5,18,2,5,1,444,291,3600
5,18,2,5,2,498,315,3600
5,24,3,5,0,7246,271,7246
5,24,3,5,1,601,376,7246
5,24,3,5,3,747,424,7246
5,25,2,5,0,5031,282,5031
5,25,2,5,1,556,368,5031
5,25,2,5,2,609,392,5031
5,26,3,5,0,7863,293,7863
5,26,3,5,1,629,398,7863
5,26,3,5,3,776,446,7863
5,32,2,5,0,6463,359,6463
5,32,2,5,1,662,448,6463
5,32,2,5,2,715,473,6463
5,1,1,6,0,132,18,132
5,1,1,6,1,99,77,132
5,1,7,6,0,869,18,869
5,1,7,6,1,389,156,869
5,1,7,6,7,1042,303,869
5,1,30,6,0,3805,18,3805
5,1,30,6,1,1363,440,3805
5,1,30,6,2,1706,463,3805
5,1,30,6,3,2035,493,3805
5,1,30,6,5,2660,539,3805
5,1,30,6,6,2959,563,3805
5,2,7,6,0,1604,29,1604
5,2,7,6,1,366,176,1604
5,2,7,6,7,932,326,1604
5,2,10,6,0,2341,29,2341
5,2,10,6,1,480,219,2341
5,2,10,6,2,635,243,2341
5,2,10,6,5,985,320,2341
5,2,20,6,0,4497,29,4497
5,2,20,6,1,841,353,4497
5,2,20,6,2,1189,377,4497
5,2,20,6,4,1551,432,4497
5,2,20,6,5,1666,455,4497
5,7,7,6,0,6017,84,6017
5,7,7,6,1,572,243,6017
5,7,7,6,7,1387,401,6017
5,12,2,6,0,3082,139,3082
5,12,2,6,1,353,225,3082
5,12,2,6,2,405,251,3082
5,14,3,6,0,5318,161,5318
5,14,3,6,1,438,266,5318
5,14,3,6,3,591,324,5318
5,26,2,6,0,6703,293,6703
5,26,2,6,1,578,384,6703
5,26,2,6,2,637,411,6703
5,29,2,6,0,7483,326,7483
5,29,2,6,1,639,417,7483
5,29,2,6,2,697,444,7483
5,32,2,6,0,8203,359,8203
5,32,2,6,1,668,453,8203
5,32,2,6,2,726,481,8203
5,1,1,7,0,139,18,139
5,1,1,7,1,104,81,139
5,1,7,7,0,949,18,949
5,1,7,7,1,353,166,949
5,1,7,7,7,926,331,949
5,1,20,7,0,2646,18,2646
5,1,20,7,1,831,343,2646
5,1,20,7,2,1213,369,2646
5,1,20,7,4,1541,427,2646
5,1,20,7,5,1664,452,2646
5,12,1,7,0,1824,139,1824
5,12,1,7,1,310,213,1824
5,14,3,7,0,6030,161,6030
5,14,3,7,1,448,272,6030
5,14,3,7,3,616,336,6030
5,15,2,7,0,4358,172,4358
5,15,2,7,1,402,263,4358
5,15,2,7,2,459,292,4358
5,16,3,7,0,6915,183,6915
5,16,3,7,1,480,298,6915
5,16,3,7,3,669,364,6915
5,18,2,7,0,5228,205,5228
5,18,2,7,1,461,301,5228
5,18,2,7,2,517,331,5228
5,18,3,7,0,7751,205,7751
5,18,3,7,1,518,321,7751
5,18,3,7,3,698,389,7751
5,23,1,7,0,3498,260,3498
5,23,1,7,1,492,338,3498
5,29,2,7,0,8473,326,8473
5,29,2,7,1,644,422,8473
5,29,2,7,2,708,452,8473
5,32,2,7,0,9403,359,9403
5,32,2,7,1,675,458,9403
5,32,2,7,2,769,489,9403
5,1,1,8,0,151,18,151
5,1,1,8,1,109,85,151
5,1,7,8,0,1064,18,1064
5,1,7,8,1,463,176,1064
5,1,7,8,7,1306,359,1064
5,1,32,8,0,4696,18,4696
5,1,32,8,1,1652,534,4696
5,1,32,8,2,2166,563,4696
5,1,32,8,4,2907,627,4696
5,1,32,8,8,4656,745,4696
5,2,10,8,0,2899,29,2899
5,2,10,8,1,535,245,2899
5,2,10,8,2,718,275,2899
5,2,10,8,5,1121,370,2899
5,6,4,8,0,3799,73,3799
5,6,4,8,1,350,200,3799
5,6,4,8,2,439,231,3799
5,6,4,8,4,617,299,3799
5,6,6,8,0,5578,73,5578
5,6,6,8,1,449,236,5578
5,6,6,8,2,582,267,5578
5,6,6,8,3,738,304,5578
5,6,6,8,6,1028,398,5578
5,12,1,8,0,1986,139,1986
5,12,1,8,1,314,217,1986
5,20,2,8,0,6541,227,6541
5,20,2,8,1,505,328,6541
5,20,2,8,2,590,361,6541
5,23,2,8,0,7556,260,7556
5,23,2,8,1,550,361,7556
5,23,2,8,2,645,394,7556
5,26,2,8,0,8477,293,8477
5,26,2,8,1,592,394,8477
5,26,2,8,2,691,427,8477
5,28,2,8,0,9091,315,9091
5,28,2,8,1,628,416,9091
5,28,2,8,2,721,449,9091
5,31,2,8,0,10177,348,10177
5,31,2,8,1,671,449,10177
5,31,2,8,2,767,482,10177
6,1,1,2,0,52,20,52
6,1,1,2,1,87,66,52
6,2,17,2,0,1215,33,1215
6,2,17,2,1,571,239,1215
6,2,25,2,0,1767,33,1767
6,2,25,2,1,790,311,1767
6,2,25,2,5,1617,361,1767
6,3,22,2,0,2372,46,2372
6,3,22,2,1,726,299,2372
6,3,22,2,2,1025,311,2372
6,4,27,2,0,4103,59,4103
6,4,27,2,1,1146,385,4103
6,4,27,2,3,1643,412,4103
6,7,2,2,0,633,98,633
6,7,2,2,1,266,160,633
6,7,2,2,2,307,173,633
6,14,6,2,0,3534,189,3534
6,14,6,2,1,583,308,3534
6,14,6,2,2,657,322,3534
6,14,6,2,3,744,336,3534
6,14,6,2,6,956,380,3534
6,20,7,2,0,5857,267,5857
6,20,7,2,1,825,407,5857
6,20,7,2,7,1445,500,5857
6,21,6,2,0,5268,280,5268
6,21,6,2,1,784,407,5268
6,21,6,2,2,877,422,5268
6,21,6,2,3,1006,438,5268
6,21,6,2,6,1280,485,5268
6,22,3,2,0,2951,293,2951
6,22,3,2,1,660,381,2951
6,22,3,2,3,792,411,2951
6,22,5,2,0,4696,293,4696
6,22,5,2,1,778,408,4696
6,22,5,2,5,1112,470,4696
6,30,5,2,0,6423,397,6423
6,30,5,2,1,932,513,6423
6,30,5,2,5,1298,574,6423
6,1,1,3,0,72,20,72
6,1,1,3,1,92,70,72
6,1,31,3,0,1867,20,1867
6,1,31,3,1,1206,385,1867
6,3,14,3,0,2469,46,2469
6,3,14,3,1,597,255,2469
6,3,14,3,2,784,271,2469
6,3,14,3,7,1342,359,2469
6,3,24,3,0,4233,46,4233
6,3,24,3,1,902,369,4233
6,3,24,3,2,1196,385,4233
6,3,24,3,3,1360,401,4233
6,3,24,3,4,1613,418,4233
6,3,24,3,6,1913,457,4233
6,3,24,3,8,2517,491,4233
6,3,28,3,0,4859,46,4859
6,3,28,3,1,1044,413,4859
6,3,28,3,2,1397,429,4859
6,3,28,3,4,1920,462,4859
6,3,28,3,7,2319,518,4859
6,5,4,3,0,1270,72,1270
6,5,4,3,1,324,170,1270
6,5,4,3,2,394,187,1270
6,5,4,3,4,526,222,1270
6,5,10,3,0,3061,72,3061
6,5,10,3,1,638,249,3061
6,5,10,3,2,755,266,3061
6,5,10,3,5,1211,319,3061
6,6,15,3,0,5463,85,5463
6,6,15,3,1,908,323,5463
6,6,15,3,3,1165,357,5463
6,6,15,3,5,1596,393,5463
6,9,1,3,0,672,124,672
6,9,1,3,1,297,185,672
6,14,4,3,0,3668,189,3668
6,14,4,3,1,527,294,3668
6,14,4,3,2,615,312,3668
6,14,4,3,4,729,349,3668
6,20,5,3,0,6650,267,6650
6,20,5,3,1,793,396,6650
6,20,5,3,5,1284,474,6650
6,23,4,3,0,6086,306,6086
6,23,4,3,1,746,418,6086
6,23,4,3,2,829,437,6086
6,23,4,3,4,1018,476,6086
6,1,1,4,0,93,20,93
6,1,1,4,1,97,74,93
6,1,18,4,0,1492,20,1492
6,1,18,4,1,670,276,1492
6,1,18,4,2,894,294,1492
6,1,18,4,3,1027,312,1492
6,1,18,4,6,1557,372,1492
6,2,22,4,0,3488,33,3488
6,2,22,4,1,1025,357,3488
6,2,22,4,2,1319,376,3488
6,3,3,4,0,787,46,787
6,3,3,4,1,239,132,787
6,3,3,4,3,367,170,787
6,5,13,4,0,5558,72,5558
6,5,13,4,1,686,302,5558
6,9,6,4,0,4881,124,4881
6,9,6,4,1,582,267,4881
6,9,6,4,2,754,288,4881
6,9,6,4,3,836,310,4881
6,9,6,4,6,1200,381,4881
6,14,5,4,0,6255,189,6255
6,14,5,4,1,667,319,6255
6,14,5,4,5,1168,410,6255
6,15,2,4,0,2840,202,2840
6,15,2,4,1,477,282,2840
6,15,2,4,2,521,303,2840
6,21,1,4,0,2134,280,2134
6,21,1,4,1,567,349,2134
6,22,2,4,0,4173,293,4173
6,22,2,4,1,630,378,4173
6,22,2,4,2,687,400,4173
6,25,3,4,0,6946,332,6946
6,25,3,4,1,765,436,6946
6,25,3,4,3,911,480,6946
6,27,3,4,0,7627,358,7627
6,27,3,4,1,808,462,7627
6,27,3,4,3,964,506,7627
6,1,1,5,0,113,20,113
6,1,1,5,1,102,78,113
6,1,7,5,0,754,20,754
6,1,7,5,1,392,157,754
6,1,7,5,7,1039,292,754
6,1,21,5,0,2188,20,2188
6,1,21,5,1,953,333,2188
6,1,21,5,3,1580,375,2188
6,1,21,5,7,2530,466,2188
6,1,27,5,0,2841,20,2841
6,1,27,5,1,1265,405,2841
6,1,27,5,3,1877,448,2841
6,2,17,5,0,3542,33,3542
6,2,17,5,1,754,317,3542
6,2,27,5,0,5597,33,5597
6,2,27,5,1,1122,447,5597
6,2,27,5,3,1831,492,5597
6,3,14,5,0,4288,46,4288
6,3,14,5,1,670,289,4288
6,3,14,5,2,898,311,4288
6,3,14,5,7,1563,429,4288
6,5,9,5,0,4921,72,4921
6,5,9,5,1,657,261,4921
6,5,9,5,3,1050,307,4921
6,12,1,5,0,1471,163,1471
6,12,1,5,1,373,232,1471
6,20,3,5,0,6956,267,6956
6,20,3,5,1,661,376,6956
6,20,3,5,3,815,427,6956
6,22,3,5,0,7640,293,7640
6,22,3,5,1,709,403,7640
6,22,3,5,3,862,453,7640
6,27,2,5,0,6253,358,6253
6,27,2,5,1,755,448,6253
6,27,2,5,2,809,473,6253
6,1,1,6,0,144,20,144
6,1,1,6,1,107,82,144
6,1,7,6,0,953,20,953
6,1,7,6,1,356,167,953
6,1,7,6,7,923,320,953
6,2,7,6,0,1854,33,1854
6,2,7,6,1,485,189,1854
6,2,7,6,7,1309,345,1854
6,2,17,6,0,4434,33,4434
6,2,17,6,1,1013,337,4434
6,5,4,6,0,2773,72,2773
6,5,4,6,1,348,191,2773
6,5,4,6,2,430,217,2773
6,5,4,6,4,594,275,2773
6,12,2,6,0,3533,163,3533
6,12,2,6,1,431,253,3533
6,12,2,6,2,484,280,3533
6,14,3,6,0,6104,189,6104
6,14,3,6,1,543,299,6104
6,14,3,6,3,693,359,6104
6,16,3,6,0,6990,215,6990
6,16,3,6,1,566,329,6990
6,16,3,6,3,757,391,6990
6,18,2,6,0,5291,241,5291
6,18,2,6,1,561,336,5291
6,18,2,6,2,622,364,5291
6,26,2,6,0,7723,345,7723
6,26,2,6,1,738,440,7723
6,26,2,6,2,801,468,7723
6,29,2,6,0,8627,384,8627
6,29,2,6,1,818,479,8627
6,29,2,6,2,880,507,8627
6,32,2,6,0,9569,423,9569
6,32,2,6,1,857,521,9569
6,32,2,6,2,950,550,9569
6,1,1,7,0,174,20,174
6,1,1,7,1,112,86,174
6,2,6,7,0,1970,33,1970
6,2,6,7,1,367,184,1970
6,2,6,7,2,490,212,1970
6,2,6,7,3,636,244,1970
6,2,6,7,6,857,329,1970
6,6,1,7,0,1069,85,1069
6,6,1,7,1,241,158,1069
6,8,2,7,0,2802,111,2802
6,8,2,7,1,329,204,2802
6,8,2,7,2,390,234,2802
6,8,4,7,0,5452,111,5452
6,8,4,7,1,429,242,5452
6,8,4,7,2,541,272,5452
6,8,4,7,4,712,338,5452
6,13,2,7,0,4567,176,4567
6,13,2,7,1,459,271,4567
6,13,2,7,2,520,301,4567
6,14,3,7,0,7137,189,7137
6,14,3,7,1,541,305,7137
6,14,3,7,3,718,371,7137
6,19,2,7,0,6380,254,6380
6,19,2,7,1,594,354,6380
6,19,2,7,2,684,385,6380
6,21,1,7,0,3687,280,3687
6,21,1,7,1,580,361,3687
6,23,2,7,0,8132,306,8132
6,23,2,7,1,685,406,8132
6,23,2,7,2,778,437,8132
6,26,2,7,0,8767,345,8767
6,26,2,7,1,745,445,8767
6,26,2,7,2,838,476,8767
6,29,2,7,0,9823,384,9823
6,29,2,7,1,822,484,9823
6,29,2,7,2,920,515,9823
6,1,1,8,0,190,20,190
6,1,1,8,1,117,90,190
6,2,3,8,0,1123,33,1123
6,2,3,8,1,250,141,1123
6,2,3,8,3,424,206,1123
6,2,8,8,0,2872,33,2872
6,2,8,8,1,468,225,2872
6,2,8,8,2,639,256,2872
6,2,8,8,4,873,323,2872
6,2,8,8,8,1348,449,2872
6,2,14,8,0,4711,33,4711
6,2,14,8,1,749,325,4711
6,2,14,8,2,1027,356,4711
6,2,14,8,7,1857,518,4711
6,5,4,8,0,3791,72,3791
6,5,4,8,1,373,205,3791
6,5,4,8,2,468,237,3791
6,5,4,8,4,657,307,3791
6,5,6,8,0,5601,72,5601
6,5,6,8,1,477,242,5601
6,5,6,8,2,617,274,5601
6,5,6,8,3,786,313,5601
6,5,6,8,6,1028,410,5601
6,10,1,8,0,2030,137,2030
6,10,1,8,1,338,218,2030
6,13,3,8,0,7547,176,7547
6,13,3,8,1,613,298,7547
6,13,3,8,3,840,370,7547
6,22,2,8,0,8682,293,8682
6,22,2,8,1,662,398,8682
6,22,2,8,2,730,432,8682
6,25,2,8,0,9431,332,9431
6,25,2,8,1,730,437,9431
6,25,2,8,2,803,471,9431
6,27,2,8,0,10161,358,10161
6,27,2,8,1,773,463,10161
6,27,2,8,2,837,497,10161
6,32,1,8,0,6512,423,6512
6,32,1,8,1,809,510,6512
7,1,1,2,0,57,22,57
7,1,1,2,1,89,69,57
7,1,15,2,0,643,22,643
7,1,15,2,1,495,206,643
7,1,15,2,3,759,231,643
7,1,15,2,5,1004,256,643
7,2,15,2,0,1206,37,1206
7,2,15,2,1,667,238,1206
7,2,15,2,3,1014,265,1206
7,2,15,2,5,1338,292,1206
7,4,17,2,0,2929,67,2929
7,4,17,2,1,709,312,2929
7,4,24,2,0,4083,67,4083
7,4,24,2,1,913,389,4083
7,4,24,2,2,1191,403,4083
7,4,24,2,3,1366,417,4083
7,4,24,2,4,1624,432,4083
7,4,24,2,6,1923,461,4083
7,4,24,2,8,2506,491,4083
7,10,5,2,0,2355,157,2355
7,10,5,2,1,519,271,2355
7,10,5,2,5,874,333,2355
7,12,3,2,0,1770,187,1770
7,12,3,2,1,463,274,1770
7,12,3,2,3,591,304,1770
7,15,5,2,0,3489,232,3489
7,15,5,2,1,653,347,3489
7,15,5,2,5,996,408,3489
7,18,7,2,0,5803,277,5803
7,18,7,2,1,773,425,5803
7,18,7,2,7,1304,525,5803
7,22,5,2,0,5224,337,5224
7,22,5,2,1,797,459,5224
7,22,5,2,5,1098,525,5224
7,24,4,2,0,4623,367,4623
7,24,4,2,1,782,473,4623
7,24,4,2,2,853,489,4623
7,24,4,2,4,993,522,4623
7,27,5,2,0,6371,412,6371
7,27,5,2,1,882,535,6371
7,27,5,2,5,1170,600,6371
7,1,1,3,0,80,22,80
7,1,1,3,1,98,75,80
7,2,21,3,0,2710,37,2710
7,2,21,3,1,972,348,2710
7,2,21,3,3,1526,382,2710
7,2,21,3,7,2527,458,2710
7,3,17,3,0,3365,52,3365
7,3,17,3,1,915,316,3365
7,3,27,3,0,5332,52,5332
7,3,27,3,1,1290,437,5332
7,3,27,3,3,1873,471,5332
7,9,1,3,0,744,142,744
7,9,1,3,1,313,206,744
7,9,2,3,0,1381,142,1381
7,9,2,3,1,360,221,1381
7,9,2,3,2,407,240,1381
7,11,5,3,0,4023,172,4023
7,11,5,3,1,626,300,4023
7,11,5,3,5,1096,378,4023
7,12,7,3,0,6029,187,6029
7,12,7,3,1,738,344,6029
7,12,7,3,7,1515,467,6029
7,16,4,3,0,4696,247,4696
7,16,4,3,1,616,363,4696
7,16,4,3,2,683,383,4696
7,16,4,3,4,855,424,4696
7,24,1,3,0,2048,367,2048
7,24,1,3,1,682,435,2048
7,29,3,3,0,6629,442,6629
7,29,3,3,1,923,545,6629
7,29,3,3,3,1069,585,6629
7,32,3,3,0,7293,487,7293
7,32,3,3,1,962,594,7293
7,32,3,3,3,1125,636,7293
7,1,1,4,0,104,22,104
7,1,1,4,1,103,79,104
7,7,1,4,0,780,112,780
7,7,1,4,1,260,176,780
7,7,2,4,0,1460,112,1460
7,7,2,4,1,304,191,1460
7,7,2,4,2,352,212,1460
7,7,3,4,0,2149,112,2149
7,7,3,4,1,361,209,2149
7,7,3,4,3,516,251,2149
7,7,4,4,0,2808,112,2808
7,7,4,4,1,391,223,2808
7,7,4,4,2,492,244,2808
7,7,4,4,4,662,287,2808
7,7,6,4,0,4178,112,4178
7,7,6,4,1,547,255,4178
7,7,6,4,2,719,276,4178
7,7,6,4,3,801,297,4178
7,7,6,4,6,1160,367,4178
7,8,6,4,0,4866,127,4866
7,8,6,4,1,507,277,4866
7,8,6,4,2,627,299,4866
7,8,6,4,3,774,321,4866
7,8,6,4,6,1044,394,4866
7,15,4,4,0,6223,232,6223
7,15,4,4,1,603,350,6223
7,15,4,4,2,681,372,6223
7,15,4,4,4,855,417,6223
7,16,2,4,0,3483,247,3483
7,16,2,4,1,527,334,3483
7,16,2,4,2,580,357,3483
7,22,3,4,0,6863,337,6863
7,22,3,4,1,741,446,6863
7,22,3,4,3,905,492,6863
7,24,3,4,0,7589,367,7589
7,24,3,4,1,791,476,7589
7,24,3,4,3,949,522,7589
7,26,2,4,0,5535,397,5535
7,26,2,4,1,776,486,5535
7,26,2,4,2,827,509,5535
7,1,1,5,0,127,22,127
7,1,1,5,1,108,83,127
7,1,7,5,0,843,22,843
7,1,7,5,1,357,168,843
7,1,7,5,7,918,309,843
7,1,27,5,0,3126,22,3126
7,1,27,5,1,1106,436,3126
7,1,27,5,3,1815,481,3126
7,2,7,5,0,1625,37,1625
7,2,7,5,1,487,192,1625
7,2,7,5,7,1325,336,1625
7,4,11,5,0,5290,67,5290
7,4,11,5,1,642,296,5290
7,10,3,5,0,3850,157,3850
7,10,3,5,1,448,265,3850
7,10,3,5,3,622,316,3850
7,12,3,5,0,4597,187,4597
7,12,3,5,1,513,296,4597
7,12,3,5,3,660,346,4597
7,12,4,5,0,6049,187,6049
7,12,4,5,1,551,312,6049
7,12,4,5,2,647,337,6049
7,12,4,5,4,857,394,6049
7,17,1,5,0,2349,262,2349
7,17,1,5,1,519,338,2349
7,26,2,5,0,6849,397,6849
7,26,2,5,1,786,491,6849
7,26,2,5,2,847,517,6849
7,29,2,5,0,7656,442,7656
7,29,2,5,1,868,536,7656
7,29,2,5,2,935,562,7656
7,32,2,5,0,8324,487,8324
7,32,2,5,1,917,584,8324
7,32,2,5,2,1012,611,8324
7,1,1,6,0,167,22,167
7,1,1,6,1,113,87,167
7,1,7,6,0,1070,22,1070
7,1,7,6,1,467,178,1070
7,1,7,6,7,1300,337,1070
7,1,13,6,0,1943,22,1943
7,1,13,6,1,780,266,1943
7,1,19,6,0,2861,22,2861
7,1,19,6,1,1064,354,2861
7,6,4,6,0,3764,97,3764
7,6,4,6,1,389,222,3764
7,6,4,6,2,478,249,3764
7,6,4,6,4,650,309,3764
7,7,5,6,0,5489,112,5489
7,7,5,6,1,488,257,5489
7,7,5,6,5,873,371,5489
7,10,4,6,0,6435,157,6435
7,10,4,6,1,506,289,6435
7,10,4,6,2,609,317,6435
7,10,4,6,4,833,380,6435
7,15,3,6,0,7278,232,7278
7,15,3,6,1,595,347,7278
7,15,3,6,3,765,409,7278
7,25,2,6,0,8259,382,8259
7,25,2,6,1,772,481,8259
7,25,2,6,2,851,510,8259
7,27,1,6,0,4618,412,4618
7,27,1,6,1,711,492,4618
7,27,2,6,0,8935,412,8935
7,27,2,6,1,769,511,8935
7,27,2,6,2,866,540,8935
7,30,2,6,0,9945,457,9945
7,30,2,6,1,868,556,9945
7,30,2,6,2,966,585,9945
7,1,1,7,0,195,22,195
7,1,1,7,1,118,91,195
7,1,11,7,0,2021,22,2021
7,1,11,7,1,573,252,2021
7,1,22,7,0,3812,22,3812
7,1,22,7,1,1018,421,3812
7,1,22,7,2,1498,449,3812
7,2,3,7,0,1104,37,1104
7,2,3,7,1,252,144,1104
7,2,3,7,3,426,205,1104
7,2,8,7,0,2930,37,2930
7,2,8,7,1,470,228,2930
7,2,8,7,2,640,257,2930
7,2,8,7,4,873,320,2930
7,2,8,7,8,1347,438,2930
7,2,13,7,0,4727,37,4727
7,2,13,7,1,717,312,4727
7,6,5,7,0,5575,97,5575
7,6,5,7,1,471,249,5575
7,6,5,7,5,889,376,5575
7,11,3,7,0,6426,172,6426
7,11,3,7,1,598,293,6426
7,11,3,7,3,809,361,6426
7,13,3,7,0,7200,202,7200
7,13,3,7,1,630,323,7200
7,13,3,7,3,837,391,7200
7,22,2,7,0,8328,337,8328
7,22,2,7,1,701,441,8328
7,22,2,7,2,759,473,8328
7,23,2,7,0,9071,352,9071
7,23,2,7,1,722,456,9071
7,23,2,7,2,794,488,9071
7,27,2,7,0,10153,412,10153
7,27,2,7,1,775,516,10153
7,27,2,7,2,840,548,10153
7,1,1,8,0,215,22,215
7,1,1,8,1,123,95,215
7,1,19,8,0,3772,22,3772
7,1,19,8,1,961,398,3772
7,5,1,8,0,1108,82,1108
7,5,1,8,1,225,162,1108
7,9,1,8,0,2021,142,2021
7,9,1,8,1,343,226,2021
7,11,3,8,0,7138,172,7138
7,11,3,8,1,528,299,7138
7,11,3,8,3,730,373,7138
7,12,3,8,0,7924,187,7924
7,12,3,8,1,545,314,7924
7,12,3,8,3,746,388,7924
7,13,1,8,0,2913,202,2913
7,13,1,8,1,442,286,2913
7,20,1,8,0,4601,307,4601
7,20,1,8,1,612,395,4601
7,21,2,8,0,9047,322,9047
7,21,2,8,1,689,431,9047
7,21,2,8,2,780,466,9047
7,23,2,8,0,9901,352,9901
7,23,2,8,1,726,461,9901
7,23,2,8,2,820,496,9901
7,24,1,8,0,5458,367,5458
7,24,1,8,1,708,455,5458
7,28,1,8,0,6378,427,6378
7,28,1,8,1,789,515,6378
8,1,1,2,0,59,24,59
8,1,1,2,1,92,74,59
8,1,14,2,0,656,24,656
8,1,14,2,1,586,215,656
8,1,14,2,2,798,228,656
8,1,14,2,7,1519,296,656
8,3,9,2,0,1258,58,1258
8,3,9,2,1,450,211,1258
8,3,9,2,3,711,240,1258
8,3,18,2,0,2447,58,2447
8,3,18,2,1,733,314,2447
8,3,18,2,2,954,328,2447
8,3,18,2,3,1087,343,2447
8,3,18,2,6,1606,387,2447
8,3,27,2,0,3675,58,3675
8,3,27,2,1,1029,414,3675
8,3,27,2,3,1609,442,3675
8,4,16,2,0,3053,75,3053
8,4,16,2,1,863,323,3053
8,4,16,2,2,1052,338,3053
8,4,16,2,4,1434,369,3053
8,4,16,2,8,2160,432,3053
8,5,21,2,0,4863,92,4863
8,5,21,2,1,1061,405,4863
8,5,21,2,3,1690,436,4863
8,5,21,2,7,2604,498,4863
8,9,4,2,0,1849,160,1849
8,9,4,2,1,452,265,1849
8,9,4,2,2,543,281,1849
8,9,4,2,4,700,314,1849
8,20,4,2,0,4255,347,4255
8,20,4,2,1,748,459,4255
8,20,4,2,2,823,476,4255
8,20,4,2,4,998,511,4255
8,21,5,2,0,5450,364,5450
8,21,5,2,1,886,493,5450
8,21,5,2,5,1373,563,5450
8,23,5,2,0,6051,398,6051
8,23,5,2,1,940,527,6051
8,23,5,2,5,1435,597,6051
8,31,4,2,0,6647,534,6647
8,31,4,2,1,1018,646,6647
8,31,4,2,2,1105,663,6647
8,31,4,2,4,1289,698,6647
8,1,1,3,0,85,24,85
8,1,1,3,1,101,80,85
8,1,10,3,0,761,24,761
8,1,10,3,1,539,199,761
8,1,10,3,2,657,216,761
8,1,10,3,5,1087,268,761
8,1,27,3,0,2113,24,2113
8,1,27,3,1,1231,407,2113
8,1,27,3,3,1815,442,2113
8,3,25,3,0,5511,58,5511
8,3,25,3,1,1100,446,5511
8,3,25,3,5,2275,519,5511
8,4,16,3,0,4843,75,4843
8,4,16,3,1,1002,359,4843
8,4,16,3,2,1250,378,4843
8,4,16,3,4,1681,417,4843
8,4,16,3,8,2655,501,4843
8,5,11,3,0,4162,92,4162
8,5,11,3,1,763,307,4162
8,6,3,3,0,1439,109,1439
8,6,3,3,1,343,205,1439
8,6,3,3,3,468,243,1439
8,11,3,3,0,2799,194,2799
8,11,3,3,1,504,296,2799
8,11,3,3,3,649,336,2799
8,14,3,3,0,3497,245,3497
8,14,3,3,1,568,347,3497
8,14,3,3,3,713,387,3497
8,19,4,3,0,6184,330,6184
8,19,4,3,1,749,454,6184
8,19,4,3,2,824,475,6184
8,19,4,3,4,1005,518,6184
8,21,4,3,0,6882,364,6882
8,21,4,3,1,800,488,6882
8,21,4,3,2,877,509,6882
8,21,4,3,4,1064,552,6882
8,30,3,3,0,7560,517,7560
8,30,3,3,1,975,625,7560
8,30,3,3,3,1136,667,7560
8,1,1,4,0,113,24,113
8,1,1,4,1,106,84,113
8,1,7,4,0,772,24,772
8,1,7,4,1,355,169,772
8,1,7,4,7,910,298,772
8,1,21,4,0,2199,24,2199
8,1,21,4,1,874,359,2199
8,1,21,4,3,1417,399,2199
8,1,21,4,7,2353,486,2199
8,2,7,4,0,1486,41,1486
8,2,7,4,1,489,195,1486
8,2,7,4,7,1291,327,1486
8,3,9,4,0,2872,58,2872
8,3,9,4,1,625,245,2872
8,3,9,4,3,1000,288,2872
8,4,10,4,0,4254,75,4254
8,4,10,4,1,600,288,4254
8,4,10,4,2,777,310,4254
8,4,10,4,5,1171,382,4254
8,4,13,4,0,5665,75,5665
8,4,13,4,1,734,333,5665
8,8,4,4,0,3597,143,3597
8,8,4,4,1,444,265,3597
8,8,4,4,2,539,288,3597
8,8,4,4,4,697,335,3597
8,14,4,4,0,6307,245,6307
8,14,4,4,1,616,369,6307
8,14,4,4,2,725,392,6307
8,14,4,4,4,868,439,6307
8,21,2,4,0,4944,364,4944
8,21,2,4,1,698,457,4944
8,21,2,4,2,756,481,4944
8,29,2,4,0,6999,500,6999
8,29,2,4,1,920,593,6999
8,29,2,4,2,982,617,6999
8,32,2,4,0,7713,551,7713
8,32,2,4,1,959,647,7713
8,32,2,4,2,1051,672,7713
8,1,1,5,0,137,24,137
8,1,1,5,1,111,88,137
8,1,7,5,0,929,24,929
8,1,7,5,1,465,179,929
8,1,7,5,7,1266,326,929
8,10,3,5,0,4272,177,4272
8,10,3,5,1,479,290,4272
8,10,3,5,3,658,343,4272
8,12,1,5,0,1790,211,1790
8,12,1,5,1,422,286,1790
8,12,2,5,0,3447,211,3447
8,12,2,5,1,478,304,3447
8,12,2,5,2,537,330,3447
8,12,3,5,0,5097,211,5097
8,12,3,5,1,541,325,5097
8,12,3,5,3,713,377,5097
8,14,3,5,0,5889,245,5889
8,14,3,5,1,590,359,5889
8,14,3,5,3,755,411,5889
8,16,3,5,0,6786,279,6786
8,16,3,5,1,716,397,6786
8,16,3,5,3,927,451,6786
8,17,1,5,0,2597,296,2597
8,17,1,5,1,561,375,2597
8,18,3,5,0,7502,313,7502
8,18,3,5,1,778,432,7502
8,18,3,5,3,978,487,7502
8,29,2,5,0,8423,500,8423
8,29,2,5,1,930,598,8423
8,29,2,5,2,1026,625,8423
8,32,2,5,0,9233,551,9233
8,32,2,5,1,975,652,9233
8,32,2,5,2,1023,680,9233
8,1,1,6,0,178,24,178
8,1,1,6,1,116,92,178
8,3,2,6,0,1039,58,1039
8,3,2,6,1,227,146,1039
8,3,2,6,2,283,173,1039
8,3,11,6,0,5471,58,5471
8,3,11,6,1,666,302,5471
8,7,3,6,0,3726,126,3726
8,7,3,6,1,409,240,3726
8,7,3,6,3,589,301,3726
8,9,4,6,0,6332,160,6332
8,9,4,6,1,622,298,6332
8,9,4,6,2,760,327,6332
8,9,4,6,4,986,392,6332
8,10,1,6,0,1900,177,1900
8,10,1,6,1,369,256,1900
8,15,1,6,0,2840,262,2840
8,15,1,6,1,501,341,2840
8,20,2,6,0,7329,347,7329
8,20,2,6,1,692,450,7329
8,20,2,6,2,751,480,7329
8,22,2,6,0,8068,381,8068
8,22,2,6,1,737,484,8068
8,22,2,6,2,801,514,8068
8,24,1,6,0,4593,415,4593
8,24,1,6,1,731,498,4593
8,25,2,6,0,9176,432,9176
8,25,2,6,1,818,535,9176
8,25,2,6,2,878,565,9176
8,27,2,6,0,9889,466,9889
8,27,2,6,1,872,569,9889
8,27,2,6,2,937,599,9889
8,1,1,7,0,207,24,207
8,1,1,7,1,121,96,207
8,1,14,7,0,2736,24,2736
8,1,14,7,1,731,315,2736
8,1,14,7,2,1010,344,2736
8,1,14,7,7,1825,495,2736
8,1,28,7,0,5370,24,5370
8,1,28,7,1,1352,543,5370
8,1,28,7,2,1860,572,5370
8,1,28,7,4,2618,636,5370
8,1,28,7,7,3204,724,5370
8,2,12,7,0,4524,41,4524
8,2,12,7,1,692,314,4524
8,2,12,7,2,1002,344,4524
8,2,12,7,3,1068,379,4524
8,2,12,7,4,1306,410,4524
8,2,12,7,6,1562,470,4524
8,3,6,7,0,3627,58,3627
8,3,6,7,1,445,227,3627
8,3,6,7,2,583,257,3627
8,3,6,7,3,743,292,3627
8,3,6,7,6,1056,383,3627
8,5,1,7,0,1060,92,1060
8,5,1,7,1,232,171,1060
8,5,6,7,0,6181,92,6181
8,5,6,7,1,619,269,6181
8,5,6,7,2,787,300,6181
8,5,6,7,3,955,338,6181
8,5,6,7,6,1429,432,6181
8,9,1,7,0,1977,160,1977
8,9,1,7,1,356,243,1977
8,11,3,7,0,7121,194,7121
8,11,3,7,1,544,320,7121
8,11,3,7,3,747,390,7121
8,12,3,7,0,7703,211,7703
8,12,3,7,1,563,337,7703
8,12,3,7,3,761,407,7703
8,21,2,7,0,8752,364,8752
8,21,2,7,1,720,472,8752
8,21,2,7,2,810,505,8752
8,23,2,7,0,9613,398,9613
8,23,2,7,1,774,506,9613
8,23,2,7,2,868,539,9613
8,1,1,8,0,233,24,233
8,1,1,8,1,126,100,233
8,1,5,8,0,1141,24,1141
8,1,5,8,1,345,175,1141
8,1,5,8,5,773,310,1141
8,1,9,8,0,2101,24,2101
8,1,9,8,1,542,247,2101
8,1,9,8,3,958,315,2101
8,3,7,8,0,4792,58,4792
8,3,7,8,1,652,254,4792
8,3,7,8,7,1781,459,4792
8,8,2,8,0,3861,143,3861
8,8,2,8,1,376,249,3861
8,8,2,8,2,466,284,3861
8,8,3,8,0,5675,143,5675
8,8,3,8,1,450,273,5675
8,8,3,8,3,665,348,5675
8,12,1,8,0,2953,211,2953
8,12,1,8,1,433,298,2953
8,18,2,8,0,8456,313,8456
8,18,2,8,1,653,426,8456
8,18,2,8,2,726,462,8456
8,20,2,8,0,9421,347,9421
8,20,2,8,1,710,460,9421
8,20,2,8,2,767,496,9421
8,21,2,8,0,10278,364,10278
8,21,2,8,1,725,477,10278
8,21,2,8,2,797,513,10278
8,27,1,8,0,6580,466,6580
8,27,1,8,1,822,557,6580
8,31,1,8,0,7588,534,7588
8,31,1,8,1,911,625,7588
