InCh,OutCh,InBits,WeightBits,OutBits,DSPCount,LC,FF,LC_dsp0
1,1,1,2,4,0,204,90,204
1,1,1,2,4,1,279,161,204
1,14,1,2,4,0,1173,155,1173
1,14,1,2,4,1,379,219,1173
1,14,1,2,4,2,487,270,1173
1,14,1,2,4,7,1029,532,1173
2,20,1,2,4,0,3189,149,3189
2,20,1,2,4,1,355,220,3189
2,20,1,2,4,2,551,272,3189
2,20,1,2,4,4,795,378,3189
2,20,1,2,4,5,853,431,3189
3,21,1,2,4,0,5155,167,5155
3,21,1,2,4,1,416,247,5155
3,21,1,2,4,3,676,351,5155
3,21,1,2,4,7,1235,565,5155
7,7,1,2,4,0,4168,149,4168
7,7,1,2,4,1,408,277,4168
7,7,1,2,4,7,1395,602,4168
13,2,1,2,4,0,2214,202,2214
13,2,1,2,4,1,478,387,2214
13,2,1,2,4,2,701,442,2214
1,1,1,3,4,0,260,90,260
1,1,1,3,4,1,277,163,260
2,16,1,3,4,0,4257,129,4257
2,16,1,3,4,1,326,205,4257
2,16,1,3,4,2,450,259,4257
2,16,1,3,4,4,707,369,4257
2,16,1,3,4,8,1221,599,4257
3,3,1,3,4,0,1264,77,1264
3,3,1,3,4,1,274,171,1264
3,3,1,3,4,3,541,280,1264
3,8,1,3,4,0,3273,102,3273
3,8,1,3,4,1,314,193,3273
3,8,1,3,4,2,440,247,3273
3,8,1,3,4,4,697,357,3273
3,8,1,3,4,8,1264,587,3273
3,13,1,3,4,0,5280,127,5280
3,13,1,3,4,1,356,215,5280
15,1,1,3,4,0,2264,223,2264
15,1,1,3,4,1,519,430,2264
1,1,1,4,4,0,304,90,304
1,1,1,4,4,1,282,165,304
1,7,1,4,4,0,1349,120,1349
1,7,1,4,4,1,328,193,1349
1,7,1,4,4,7,1020,537,1349
1,18,1,4,4,0,3271,175,3271
1,18,1,4,4,1,401,241,3271
1,18,1,4,4,2,568,296,3271
1,18,1,4,4,3,651,351,3271
1,18,1,4,4,6,1003,527,3271
2,12,1,4,4,0,4275,109,4275
2,12,1,4,4,1,313,190,4275
2,12,1,4,4,2,453,246,4275
2,12,1,4,4,3,557,303,4275
2,12,1,4,4,4,715,360,4275
2,12,1,4,4,6,947,483,4275
6,2,1,4,4,0,2268,111,2268
6,2,1,4,4,1,322,235,2268
6,2,1,4,4,2,492,293,2268
7,4,1,4,4,0,5217,134,5217
7,4,1,4,4,1,372,267,5217
7,4,1,4,4,2,518,324,5217
7,4,1,4,4,4,866,441,5217
1,1,1,5,4,0,341,90,341
1,1,1,5,4,1,280,167,341
1,24,1,5,4,0,5279,205,5279
1,24,1,5,4,1,430,267,5279
1,24,1,5,4,2,588,324,5279
1,24,1,5,4,3,650,382,5279
1,24,1,5,4,4,817,448,5279
1,24,1,5,4,6,1011,565,5279
1,24,1,5,4,8,1296,681,5279
2,3,1,5,4,0,1353,64,1353
2,3,1,5,4,1,246,152,1353
2,3,1,5,4,3,508,270,1353
5,2,1,5,4,0,2309,98,2309
5,2,1,5,4,1,303,215,2309
5,2,1,5,4,2,464,275,2309
14,1,1,5,4,0,3305,210,3305
14,1,1,5,4,1,499,410,3305
18,1,1,5,4,0,4298,262,4298
18,1,1,5,4,1,584,500,4298
1,1,1,6,4,0,382,90,382
1,1,1,6,4,1,283,169,382
1,20,1,6,4,0,5241,185,5241
1,20,1,6,4,1,412,253,5241
1,20,1,6,4,2,604,312,5241
1,20,1,6,4,4,828,440,5241
1,20,1,6,4,5,882,500,5241
4,4,1,6,4,0,4301,95,4301
4,4,1,6,4,1,298,205,4301
4,4,1,6,4,2,440,266,4301
4,4,1,6,4,4,752,399,4301
5,1,1,6,4,0,1399,93,1399
5,1,1,6,4,1,303,212,1399
6,2,1,6,4,0,3274,111,3274
6,2,1,6,4,1,324,239,3274
6,2,1,6,4,2,499,301,3274
8,1,1,6,4,0,2236,132,2236
8,1,1,6,4,1,367,280,2236
1,1,1,7,4,0,425,90,425
1,1,1,7,4,1,282,171,425
1,4,1,7,4,0,1312,105,1312
1,4,1,7,4,1,303,186,1312
1,4,1,7,4,2,414,247,1312
1,4,1,7,4,4,664,378,1312
1,14,1,7,4,0,4267,155,4267
1,14,1,7,4,1,382,229,4267
1,14,1,7,4,2,499,290,4267
1,14,1,7,4,7,1071,609,4267
7,1,1,7,4,0,2241,119,2241
7,1,1,7,4,1,342,258,2241
10,1,1,7,4,0,3210,158,3210
10,1,1,7,4,1,413,326,3210
16,1,1,7,4,0,5171,236,5171
16,1,1,7,4,1,543,460,5171
1,1,1,8,4,0,462,90,462
1,1,1,8,4,1,282,173,462
1,7,1,8,4,0,2479,120,2479
1,7,1,8,4,1,331,201,2479
1,7,1,8,4,7,1052,593,2479
2,2,1,8,4,0,1411,59,1411
2,2,1,8,4,1,238,153,1411
2,2,1,8,4,2,376,218,1411
3,5,1,8,4,0,5218,87,5218
3,5,1,8,4,1,303,191,5218
3,5,1,8,4,5,857,457,5218
6,2,1,8,4,0,4270,111,4270
6,2,1,8,4,1,328,243,4270
6,2,1,8,4,2,501,309,4270
9,1,1,8,4,0,3263,145,3263
9,1,1,8,4,1,395,306,3263
1,1,2,2,4,0,137,54,137
1,1,2,2,4,1,221,134,137
6,2,2,2,4,0,1158,189,1158
6,2,2,2,4,1,445,363,1158
6,2,2,2,4,2,659,417,1158
11,2,2,2,4,0,2170,319,2170
11,2,2,2,4,1,667,585,2170
11,2,2,2,4,2,961,640,2170
11,4,2,2,4,0,4214,329,4214
11,4,2,2,4,1,689,595,4214
11,4,2,2,4,2,978,649,4214
11,4,2,2,4,4,1588,760,4214
11,5,2,2,4,0,5238,334,5238
11,5,2,2,4,1,714,600,5238
11,5,2,2,4,5,1887,820,5238
31,1,2,2,4,0,3198,834,3198
31,1,2,2,4,1,1506,1464,3198
1,1,2,3,4,0,202,54,202
1,1,2,3,4,1,221,136,202
2,7,2,3,4,0,2179,110,2179
2,7,2,3,4,1,312,210,2179
2,7,2,3,4,7,1181,549,2179
5,4,2,3,4,0,3228,173,3228
5,4,2,3,4,1,440,331,3228
5,4,2,3,4,2,613,386,3228
5,4,2,3,4,4,1013,499,3228
7,1,2,3,4,0,1190,210,1190
7,1,2,3,4,1,481,404,1190
25,1,2,3,4,0,4262,678,4262
25,1,2,3,4,1,1238,1200,4262
31,1,2,3,4,0,5270,834,5270
31,1,2,3,4,1,1515,1466,5270
1,1,2,4,4,0,242,54,242
1,1,2,4,4,1,223,138,242
1,17,2,4,4,0,3262,134,3262
1,17,2,4,4,1,342,210,3262
3,2,2,4,4,0,1227,111,1227
3,2,2,4,4,1,317,233,1227
3,2,2,4,4,2,481,290,1227
3,9,2,4,4,0,5277,146,5277
3,9,2,4,4,1,398,266,5277
3,9,2,4,4,3,719,379,5277
7,3,2,4,4,0,4248,220,4248
7,3,2,4,4,1,509,417,4248
7,3,2,4,4,3,949,532,4248
11,1,2,4,4,0,2304,314,2304
11,1,2,4,4,1,664,584,2304
1,1,2,5,4,0,287,54,287
1,1,2,5,4,1,226,140,287
1,18,2,5,4,0,4260,139,4260
1,18,2,5,4,1,346,216,4260
1,18,2,5,4,2,522,273,4260
1,18,2,5,4,3,616,330,4260
1,18,2,5,4,6,994,512,4260
5,1,2,5,4,0,1287,158,1287
5,1,2,5,4,1,406,320,1287
9,1,2,5,4,0,2291,262,2291
9,1,2,5,4,1,577,498,2291
13,1,2,5,4,0,3301,366,3301
13,1,2,5,4,1,732,674,3301
20,1,2,5,4,0,5272,548,5272
20,1,2,5,4,1,1032,984,5272
1,1,2,6,4,0,330,54,330
1,1,2,6,4,1,224,142,330
2,4,2,6,4,0,2291,95,2291
2,4,2,6,4,1,289,203,2291
2,4,2,6,4,2,432,263,2291
2,4,2,6,4,4,737,393,2291
4,1,2,6,4,0,1211,132,1211
4,1,2,6,4,1,359,278,1211
6,3,2,6,4,0,5234,194,5234
6,3,2,6,4,1,462,377,5234
6,3,2,6,4,3,892,508,5234
11,1,2,6,4,0,3310,314,3310
11,1,2,6,4,1,667,588,3310
14,1,2,6,4,0,4213,392,4213
14,1,2,6,4,1,770,720,4213
1,1,2,7,4,0,371,54,371
1,1,2,7,4,1,226,144,371
1,4,2,7,4,0,1324,69,1324
1,4,2,7,4,1,247,159,1324
1,4,2,7,4,2,365,220,1324
1,4,2,7,4,4,632,351,1324
1,7,2,7,4,0,2277,84,2277
1,7,2,7,4,1,274,172,2277
1,7,2,7,4,7,1027,552,2277
1,13,2,7,4,0,4183,114,4183
1,13,2,7,4,1,314,198,4183
2,5,2,7,4,0,3265,100,3265
2,5,2,7,4,1,308,210,3265
2,5,2,7,4,5,902,469,3265
15,1,2,7,4,0,5209,418,5209
15,1,2,7,4,1,824,768,5209
1,1,2,8,4,0,416,54,416
1,1,2,8,4,1,228,146,416
1,4,2,8,4,0,1504,69,1504
1,4,2,8,4,1,251,161,1504
1,4,2,8,4,2,371,224,1504
1,4,2,8,4,4,638,359,1504
1,9,2,8,4,0,3318,94,3318
1,9,2,8,4,1,298,184,3318
1,9,2,8,4,3,560,317,3318
2,7,2,8,4,0,5182,110,5182
2,7,2,8,4,1,316,220,5182
2,7,2,8,4,7,1218,619,5182
6,1,2,8,4,0,2338,184,2338
6,1,2,8,4,1,445,370,2338
11,1,2,8,4,0,4294,314,4294
11,1,2,8,4,1,673,592,4294
1,1,3,2,4,0,253,67,253
1,1,3,2,4,1,258,156,253
2,11,3,2,4,0,4234,156,4234
2,11,3,2,4,1,420,270,4234
3,2,3,2,4,0,1266,150,1266
3,2,3,2,4,1,398,295,1266
3,2,3,2,4,2,609,348,1266
5,2,3,2,4,0,2272,228,2272
5,2,3,2,4,1,563,429,2272
5,2,3,2,4,2,850,483,2272
9,3,3,2,4,0,5267,389,5267
9,3,3,2,4,1,908,700,5267
9,3,3,2,4,3,1855,810,5267
15,1,3,2,4,0,3315,613,3315
15,1,3,2,4,1,1475,1088,3315
1,1,3,3,4,0,373,67,373
1,1,3,3,4,1,260,158,373
1,4,3,3,4,0,1315,82,1315
1,4,3,3,4,1,284,173,1315
1,4,3,3,4,2,423,226,1315
1,4,3,3,4,4,726,335,1315
1,7,3,3,4,0,2301,97,2301
1,7,3,3,4,1,310,186,2301
1,7,3,3,4,7,1200,518,2301
1,10,3,3,4,0,3203,112,3203
1,10,3,3,4,1,341,200,3203
1,10,3,3,4,2,505,253,3203
1,10,3,3,4,5,905,415,3203
5,3,3,3,4,0,5215,233,5215
5,3,3,3,4,1,588,437,5215
5,3,3,3,4,3,1156,548,5215
7,2,3,3,4,0,4294,306,4294
7,2,3,3,4,1,622,563,4294
7,2,3,3,4,2,899,619,4294
1,1,3,4,4,0,450,67,450
1,1,3,4,4,1,260,160,450
2,3,3,4,4,0,2377,116,2377
2,3,3,4,4,1,357,238,2377
2,3,3,4,4,3,744,352,2377
3,1,3,4,4,0,1279,145,1279
3,1,3,4,4,1,400,294,1279
5,2,3,4,4,0,4364,228,4364
5,2,3,4,4,1,567,433,4364
5,2,3,4,4,2,850,491,4364
7,2,3,4,4,0,5226,306,5226
7,2,3,4,4,1,630,565,5226
7,2,3,4,4,2,908,623,5226
8,1,3,4,4,0,3315,340,3315
8,1,3,4,4,1,814,628,3315
1,1,3,5,4,0,527,67,527
1,1,3,5,4,1,261,162,527
1,3,3,5,4,0,1469,77,1469
1,3,3,5,4,1,280,172,1469
1,3,3,5,4,3,588,288,1469
1,5,3,5,4,0,2301,87,2301
1,5,3,5,4,1,302,182,2301
1,5,3,5,4,5,901,420,2301
1,7,3,5,4,0,3295,97,3295
1,7,3,5,4,1,312,190,3295
1,7,3,5,4,7,1217,546,3295
1,11,3,5,4,0,5191,117,5191
1,11,3,5,4,1,347,208,5191
3,3,3,5,4,0,4306,155,4306
3,3,3,5,4,1,422,307,4306
3,3,3,5,4,3,847,424,4306
1,1,3,6,4,0,574,67,574
1,1,3,6,4,1,263,164,574
1,3,3,6,4,0,1610,77,1610
1,3,3,6,4,1,280,174,1610
1,3,3,6,4,3,599,300,1610
3,2,3,6,4,0,3258,150,3258
3,2,3,6,4,1,407,303,3258
3,2,3,6,4,2,624,364,3258
4,1,3,6,4,0,2301,184,2301
4,1,3,6,4,1,534,366,2301
8,1,3,6,4,0,4342,340,4342
8,1,3,6,4,1,810,632,4342
10,1,3,6,4,0,5239,418,5239
10,1,3,6,4,1,927,764,5239
1,1,3,7,4,0,707,67,707
1,1,3,7,4,1,264,166,707
1,2,3,7,4,0,1359,72,1359
1,2,3,7,4,1,267,171,1359
1,2,3,7,4,2,424,233,1359
1,5,3,7,4,0,3366,87,3366
1,5,3,7,4,1,305,186,3366
1,5,3,7,4,5,908,440,3366
1,7,3,7,4,0,4485,97,4485
1,7,3,7,4,1,314,194,4485
1,7,3,7,4,7,1230,574,4485
1,8,3,7,4,0,5271,102,5271
1,8,3,7,4,1,312,199,5271
1,8,3,7,4,2,466,260,5271
1,8,3,7,4,4,767,391,5271
1,8,3,7,4,8,1392,641,5271
4,1,3,7,4,0,2502,184,2502
4,1,3,7,4,1,536,368,2502
1,1,3,8,4,0,64,67,64
1,1,3,8,4,1,265,168,64
4,7,3,8,4,0,1093,214,1093
4,7,3,8,4,1,579,398,1093
4,7,3,8,4,7,2253,804,1093
5,10,3,8,4,0,2154,268,2154
5,10,3,8,4,1,656,478,2154
5,10,3,8,4,2,968,543,2154
5,10,3,8,4,5,1813,750,2154
5,20,3,8,4,0,4212,318,4212
5,20,3,8,4,1,721,520,4212
5,20,3,8,4,2,1070,585,4212
5,20,3,8,4,4,1693,727,4212
5,20,3,8,4,5,1902,793,4212
5,25,3,8,4,0,5241,343,5241
5,25,3,8,4,1,725,543,5241
5,25,3,8,4,5,2004,814,5241
8,4,3,8,4,0,3166,355,3166
8,4,3,8,4,1,843,651,3166
8,4,3,8,4,2,1281,717,3166
8,4,3,8,4,4,2172,861,3166
1,1,4,2,4,0,291,80,291
1,1,4,2,4,1,257,178,291
1,14,4,2,4,0,3318,145,3318
1,14,4,2,4,1,354,236,3318
1,14,4,2,4,2,491,287,3318
1,14,4,2,4,7,1150,549,3318
1,18,4,2,4,0,4248,165,4248
1,18,4,2,4,1,387,254,4248
1,18,4,2,4,2,565,305,4248
1,18,4,2,4,3,675,356,4248
1,18,4,2,4,6,1081,513,4248
3,3,4,2,4,0,2336,194,2336
3,3,4,2,4,1,455,367,2336
3,3,4,2,4,3,853,472,2336
5,1,4,2,4,0,1316,288,1316
5,1,4,2,4,1,608,534,1316
21,1,4,2,4,0,5256,1120,5256
21,1,4,2,4,1,1907,1946,5256
1,1,4,3,4,0,431,80,431
1,1,4,3,4,1,259,180,431
1,6,4,3,4,0,2356,105,2356
1,6,4,3,4,1,313,204,2356
1,6,4,3,4,2,437,257,2356
1,6,4,3,4,3,565,311,2356
1,6,4,3,4,6,992,481,2356
3,1,4,3,4,0,1340,184,1340
3,1,4,3,4,1,435,358,1340
5,2,4,3,4,0,4219,293,4219
5,2,4,3,4,1,605,541,4219
5,2,4,3,4,2,893,597,4219
7,2,4,3,4,0,5135,397,5135
7,2,4,3,4,1,756,717,5135
7,2,4,3,4,2,1098,773,5135
8,1,4,3,4,0,3299,444,3299
8,1,4,3,4,1,853,802,3299
1,1,4,4,4,0,625,80,625
1,1,4,4,4,1,265,182,625
1,3,4,4,4,0,1757,90,1757
1,3,4,4,4,1,282,192,1757
1,3,4,4,4,3,545,304,1757
2,3,4,4,4,0,3436,142,3436
2,3,4,4,4,1,363,282,3436
2,3,4,4,4,3,711,396,3436
2,4,4,4,4,0,4556,147,4556
2,4,4,4,4,1,368,287,4556
2,4,4,4,4,2,537,343,4556
2,4,4,4,4,4,893,458,4556
4,1,4,4,4,0,2507,236,2507
4,1,4,4,4,1,515,450,2507
9,1,4,4,4,0,5255,496,5255
9,1,4,4,4,1,951,892,5255
1,1,4,5,4,0,702,80,702
1,1,4,5,4,1,260,184,702
1,5,4,5,4,0,3394,100,3394
1,5,4,5,4,1,304,204,3394
1,5,4,5,4,5,842,442,3394
2,1,4,5,4,0,1365,132,1365
2,1,4,5,4,1,352,274,1365
2,2,4,5,4,0,2658,137,2658
2,2,4,5,4,1,354,279,2658
2,2,4,5,4,2,534,338,2658
2,4,4,5,4,0,5240,147,5240
2,4,4,5,4,1,370,289,5240
2,4,4,5,4,2,542,347,5240
2,4,4,5,4,4,907,473,5240
6,1,4,5,4,0,4197,340,4197
6,1,4,5,4,1,683,628,4197
1,1,4,6,4,0,811,80,811
1,1,4,6,4,1,261,186,811
2,1,4,6,4,0,1572,132,1572
2,1,4,6,4,1,353,276,1572
3,1,4,6,4,0,2402,184,2402
3,1,4,6,4,1,435,364,2402
4,1,4,6,4,0,3265,236,3265
4,1,4,6,4,1,509,454,3265
5,1,4,6,4,0,4241,288,4241
5,1,4,6,4,1,606,542,4241
7,1,4,6,4,0,5203,392,5203
7,1,4,6,4,1,761,718,5203
1,1,4,7,4,0,101,80,101
1,1,4,7,4,1,262,188,101
2,11,4,7,4,0,1127,182,1127
2,11,4,7,4,1,434,324,1127
5,10,4,7,4,0,2169,333,2169
5,10,4,7,4,1,701,586,2169
5,10,4,7,4,2,986,649,2169
5,10,4,7,4,5,1767,850,2169
5,20,4,7,4,0,4227,383,4227
5,20,4,7,4,1,768,628,4227
5,20,4,7,4,2,1088,691,4227
5,20,4,7,4,4,1645,829,4227
5,20,4,7,4,5,1852,893,4227
5,25,4,7,4,0,5256,408,5256
5,25,4,7,4,1,762,651,5256
5,25,4,7,4,5,1961,914,5256
20,1,4,7,4,0,3196,1068,3196
20,1,4,7,4,1,1814,1868,3196
1,1,4,8,4,0,104,80,104
1,1,4,8,4,1,267,190,104
1,24,4,8,4,0,1132,195,1132
1,24,4,8,4,1,418,290,1132
1,24,4,8,4,2,604,353,1132
1,24,4,8,4,3,692,426,1132
1,24,4,8,4,4,894,489,1132
1,24,4,8,4,6,1128,618,1132
1,24,4,8,4,8,1456,746,1132
7,2,4,8,4,0,2177,397,2177
7,2,4,8,4,1,772,727,2177
7,2,4,8,4,2,1120,793,2177
7,3,4,8,4,0,3195,402,3195
7,3,4,8,4,1,795,733,3195
7,3,4,8,4,3,1466,872,3195
7,4,4,8,4,0,4213,407,4213
7,4,4,8,4,1,791,737,4213
7,4,4,8,4,2,1112,802,4213
7,4,4,8,4,4,1806,943,4213
7,5,4,8,4,0,5233,412,5233
7,5,4,8,4,1,820,743,5233
7,5,4,8,4,5,2148,1014,5233
1,1,5,2,4,0,357,93,357
1,1,5,2,4,1,299,200,357
1,11,5,2,4,0,3305,143,3305
1,11,5,2,4,1,389,246,3305
2,4,5,2,4,0,2305,173,2305
2,4,5,2,4,1,455,327,2305
2,4,5,2,4,2,695,379,2305
2,4,5,2,4,4,1191,486,2305
3,5,5,2,4,0,4325,243,4325
3,5,5,2,4,1,595,443,4325
3,5,5,2,4,5,1655,654,4325
4,1,5,2,4,0,1250,288,1250
4,1,5,2,4,1,701,534,1250
9,2,5,2,4,0,5274,618,5274
9,2,5,2,4,1,1324,1091,5274
9,2,5,2,4,2,2025,1146,5274
1,1,5,3,4,0,558,93,558
1,1,5,3,4,1,303,202,558
1,3,5,3,4,0,1550,103,1550
1,3,5,3,4,1,321,212,1550
1,3,5,3,4,3,656,320,1550
1,5,5,3,4,0,2497,113,2497
1,5,5,3,4,1,344,222,2497
1,5,5,3,4,5,1006,438,2497
1,9,5,3,4,0,4218,133,4218
1,9,5,3,4,1,380,240,4218
1,9,5,3,4,3,718,346,4218
5,2,5,3,4,0,5257,358,5257
5,2,5,3,4,1,793,651,5257
5,2,5,3,4,2,1183,707,5257
7,1,5,3,4,0,3241,483,3241
7,1,5,3,4,1,891,866,3241
1,1,5,4,4,0,762,93,762
1,1,5,4,4,1,302,204,762
1,2,5,4,4,0,1463,98,1463
1,2,5,4,4,1,310,209,1463
1,2,5,4,4,2,476,265,1463
1,3,5,4,4,0,2162,103,2162
1,3,5,4,4,1,322,214,2162
1,3,5,4,4,3,669,326,2162
1,5,5,4,4,0,3562,113,3562
1,5,5,4,4,1,342,224,3562
1,5,5,4,4,5,1017,454,3562
1,7,5,4,4,0,4960,123,4960
1,7,5,4,4,1,352,232,4960
1,7,5,4,4,7,1366,576,4960
3,2,5,4,4,0,4128,228,4128
3,2,5,4,4,1,544,431,4128
3,2,5,4,4,2,818,488,4128
1,1,5,5,4,0,977,93,977
1,1,5,5,4,1,303,206,977
1,3,5,5,4,0,2807,103,2807
1,3,5,5,4,1,322,216,2807
1,3,5,5,4,3,664,332,2807
1,4,5,5,4,0,3777,108,3777
1,4,5,5,4,1,328,221,3777
1,4,5,5,4,2,489,278,3777
1,4,5,5,4,4,835,401,3777
2,1,5,5,4,0,1847,158,1847
2,1,5,5,4,1,441,318,1847
2,2,5,5,4,0,3617,163,3617
2,2,5,5,4,1,445,323,3617
2,2,5,5,4,2,691,382,3617
5,1,5,5,4,0,4756,353,4756
5,1,5,5,4,1,800,650,4756
1,1,5,6,4,0,70,93,70
1,1,5,6,4,1,305,208,70
5,20,5,6,4,0,4241,448,4241
5,20,5,6,4,1,960,736,4241
5,20,5,6,4,2,1397,797,4241
5,20,5,6,4,4,2259,931,4241
5,20,5,6,4,5,2540,993,4241
5,25,5,6,4,0,5270,473,5270
5,25,5,6,4,1,956,760,5270
5,25,5,6,4,5,2646,1014,5270
13,1,5,6,4,0,1114,873,1114
13,1,5,6,4,1,1791,1534,1114
19,1,5,6,4,0,2157,1263,2157
19,1,5,6,4,1,2896,2196,2157
25,1,5,6,4,0,3185,1653,3185
25,1,5,6,4,1,3693,2856,3185
1,1,5,7,4,0,70,93,70
1,1,5,7,4,1,306,210,70
2,21,5,7,4,0,2151,258,2151
2,21,5,7,4,1,579,410,2151
2,21,5,7,4,3,1084,543,2151
2,21,5,7,4,7,2105,796,2151
3,10,5,7,4,0,1112,268,1112
3,10,5,7,4,1,643,475,1112
3,10,5,7,4,2,931,537,1112
3,10,5,7,4,5,1712,733,1112
5,14,5,7,4,0,3176,418,3176
5,14,5,7,4,1,903,713,3176
5,14,5,7,4,2,1307,776,3176
5,14,5,7,4,7,3337,1106,3176
7,5,5,7,4,0,5254,503,5254
7,5,5,7,4,1,950,895,5254
7,5,5,7,4,5,2497,1158,5254
19,2,5,7,4,0,4222,1268,4222
19,2,5,7,4,1,2886,2203,4222
19,2,5,7,4,2,4546,2269,4222
1,1,5,8,4,0,70,93,70
1,1,5,8,4,1,306,212,70
2,10,5,8,4,0,1135,203,1135
2,10,5,8,4,1,517,366,1135
2,10,5,8,4,2,782,430,1135
2,10,5,8,4,5,1493,633,1135
4,19,5,8,4,0,3185,378,3185
4,19,5,8,4,1,813,626,3185
5,18,5,8,4,0,4262,438,4262
5,18,5,8,4,1,937,732,4262
5,18,5,8,4,2,1382,797,4262
5,18,5,8,4,3,1741,874,4262
5,18,5,8,4,6,2987,1072,4262
8,6,5,8,4,0,5274,573,5274
8,6,5,8,4,1,1259,1012,5274
8,6,5,8,4,2,1932,1078,5274
8,6,5,8,4,3,2580,1155,5274
8,6,5,8,4,6,4578,1357,5274
15,1,5,8,4,0,2149,1003,2149
15,1,5,8,4,1,2315,1760,2149
1,1,6,2,4,0,410,106,410
1,1,6,2,4,1,317,222,410
1,12,6,2,4,0,4250,161,4250
1,12,6,2,4,1,405,272,4250
1,12,6,2,4,2,582,323,4250
1,12,6,2,4,3,727,375,4250
1,12,6,2,4,4,917,427,4250
1,12,6,2,4,6,1220,532,4250
2,2,6,2,4,0,1350,189,1350
2,2,6,2,4,1,471,361,1350
2,2,6,2,4,2,720,414,1350
2,5,6,2,4,0,3245,204,3245
2,5,6,2,4,1,500,376,3245
2,5,6,2,4,5,1468,588,3245
7,1,6,2,4,0,2433,574,2433
7,1,6,2,4,1,1030,1018,2433
15,1,6,2,4,0,5196,1198,5196
15,1,6,2,4,1,2380,2078,5196
1,1,6,3,4,0,593,106,593
1,1,6,3,4,1,317,224,593
1,3,6,3,4,0,1647,116,1647
1,3,6,3,4,1,335,234,1647
1,3,6,3,4,3,676,342,1647
1,5,6,3,4,0,2691,126,2691
1,5,6,3,4,1,361,244,2691
1,5,6,3,4,5,1025,460,2691
2,5,6,3,4,0,5275,204,5275
2,5,6,3,4,1,499,378,5275
2,5,6,3,4,5,1476,598,5275
3,2,6,3,4,0,3417,267,3417
3,2,6,3,4,1,591,495,3417
3,2,6,3,4,2,874,550,3417
4,2,6,3,4,0,4351,345,4351
4,2,6,3,4,1,743,629,4351
4,2,6,3,4,2,1113,685,4351
1,1,6,4,4,0,865,106,865
1,1,6,4,4,1,317,226,865
1,2,6,4,4,0,1665,111,1665
1,2,6,4,4,1,321,231,1665
1,2,6,4,4,2,493,287,1665
1,3,6,4,4,0,2463,116,2463
1,3,6,4,4,1,335,236,2463
1,3,6,4,4,3,677,348,2463
1,4,6,4,4,0,3261,121,3261
1,4,6,4,4,1,342,241,3261
1,4,6,4,4,2,502,296,3261
1,4,6,4,4,4,850,409,3261
1,5,6,4,4,0,4061,126,4061
1,5,6,4,4,1,357,246,4061
1,5,6,4,4,5,1030,476,4061
1,6,6,4,4,0,4913,131,4913
1,6,6,4,4,1,365,250,4913
1,6,6,4,4,2,530,305,4913
1,6,6,4,4,3,690,361,4913
1,6,6,4,4,6,1208,537,4913
1,1,6,5,4,0,73,106,73
1,1,6,5,4,1,319,228,73
2,11,6,5,4,0,1095,234,1095
2,11,6,5,4,1,549,408,1095
3,32,6,5,4,0,3167,417,3167
3,32,6,5,4,1,796,627,3167
3,32,6,5,4,2,1071,685,3167
3,32,6,5,4,4,1668,813,3167
3,32,6,5,4,8,2822,1050,3167
4,14,6,5,4,0,2135,405,2135
4,14,6,5,4,1,841,686,2135
4,14,6,5,4,2,1204,745,2135
4,14,6,5,4,7,3025,1056,2135
5,20,6,5,4,0,4257,513,4257
5,20,6,5,4,1,1021,844,4257
5,20,6,5,4,2,1467,903,4257
5,20,6,5,4,4,2292,1033,4257
5,20,6,5,4,5,2614,1093,4257
12,4,6,5,4,0,5254,979,5254
12,4,6,5,4,1,1781,1701,5254
12,4,6,5,4,2,2640,1761,5254
12,4,6,5,4,4,4284,1893,5254
1,1,6,6,4,0,74,106,74
1,1,6,6,4,1,321,230,74
2,21,6,6,4,0,2158,284,2158
2,21,6,6,4,1,599,452,2158
2,21,6,6,4,3,1105,581,2158
2,21,6,6,4,7,2135,826,2158
3,10,6,6,4,0,1121,307,1121
3,10,6,6,4,1,680,539,1121
3,10,6,6,4,2,986,599,1121
3,10,6,6,4,5,1820,789,1121
5,14,6,6,4,0,3191,483,3191
5,14,6,6,4,1,972,821,3191
5,14,6,6,4,2,1372,882,3191
5,14,6,6,4,7,3387,1202,3191
7,5,6,6,4,0,5275,594,5275
7,5,6,6,4,1,1088,1047,5275
7,5,6,6,4,5,2860,1302,5275
8,5,6,6,4,0,4228,672,4228
8,5,6,6,4,1,1323,1180,4228
8,5,6,6,4,5,3819,1441,4228
1,1,6,7,4,0,74,106,74
1,1,6,7,4,1,322,232,74
3,19,6,7,4,0,2152,352,2152
3,19,6,7,4,1,741,579,2152
4,6,6,7,4,0,1093,365,1093
4,6,6,7,4,1,791,656,1093
4,6,6,7,4,2,1151,719,1093
4,6,6,7,4,3,1516,792,1093
4,6,6,7,4,6,2640,985,1093
4,25,6,7,4,0,4166,460,4166
4,25,6,7,4,1,901,736,4166
4,25,6,7,4,5,2484,1002,4166
6,5,6,7,4,0,3161,516,3161
6,5,6,7,4,1,1034,917,3161
6,5,6,7,4,5,2881,1180,3161
13,5,6,7,4,0,5218,1062,5218
13,5,6,7,4,1,1949,1843,5218
13,5,6,7,4,5,5585,2111,5218
1,1,6,8,4,0,74,106,74
1,1,6,8,4,1,322,234,74
3,18,6,8,4,0,2151,347,2151
3,18,6,8,4,1,741,576,2151
3,18,6,8,4,2,1089,640,2151
3,18,6,8,4,3,1343,715,2151
3,18,6,8,4,6,2220,910,2151
4,18,6,8,4,0,3196,425,3196
4,18,6,8,4,1,867,710,3196
4,18,6,8,4,2,1279,775,3196
4,18,6,8,4,3,1635,850,3196
4,18,6,8,4,6,2757,1048,3196
4,24,6,8,4,0,4220,455,4220
4,24,6,8,4,1,893,734,4220
4,24,6,8,4,2,1303,799,4220
4,24,6,8,4,3,1628,876,4220
4,24,6,8,4,4,2055,941,4220
4,24,6,8,4,6,2755,1074,4220
4,24,6,8,4,8,3556,1206,4220
5,4,6,8,4,0,1109,433,1109
5,4,6,8,4,1,889,781,1109
5,4,6,8,4,2,1281,846,1109
5,4,6,8,4,4,2121,987,1109
10,3,6,8,4,0,5265,818,5265
10,3,6,8,4,1,1532,1439,5265
10,3,6,8,4,3,3004,1581,5265
1,1,7,2,4,0,456,119,456
1,1,7,2,4,1,348,244,456
1,6,7,2,4,0,2372,144,2372
1,6,7,2,4,1,396,268,2372
1,6,7,2,4,2,578,319,2372
1,6,7,2,4,3,763,371,2372
1,6,7,2,4,6,1335,529,2372
1,11,7,2,4,0,4357,169,4357
1,11,7,2,4,1,441,290,4357
2,2,7,2,4,0,1554,215,1554
2,2,7,2,4,1,533,405,1554
2,2,7,2,4,2,816,458,1554
4,2,7,2,4,0,3306,397,3306
4,2,7,2,4,1,858,715,3306
4,2,7,2,4,2,1281,769,3306
13,1,7,2,4,0,5271,1211,5271
13,1,7,2,4,1,2256,2098,5271
1,1,7,3,4,0,714,119,714
1,1,7,3,4,1,350,246,714
1,2,7,3,4,0,1322,124,1322
1,2,7,3,4,1,352,251,1322
1,2,7,3,4,2,547,305,1322
4,1,7,3,4,0,2558,392,2558
4,1,7,3,4,1,850,712,2558
5,1,7,3,4,0,3445,483,3445
5,1,7,3,4,1,1003,866,3445
7,1,7,3,4,0,4314,665,4314
7,1,7,3,4,1,1174,1174,4314
8,1,7,3,4,0,5185,756,5185
8,1,7,3,4,1,1529,1330,5185
1,1,7,4,4,0,76,119,76
1,1,7,4,4,1,352,248,76
2,11,7,4,4,0,1101,260,1101
2,11,7,4,4,1,609,450,1101
3,32,7,4,4,0,3176,456,3176
3,32,7,4,4,1,874,691,3176
3,32,7,4,4,2,1188,747,3176
3,32,7,4,4,4,1872,861,3176
3,32,7,4,4,8,3191,1100,3176
4,14,7,4,4,0,2148,457,2148
4,14,7,4,4,1,934,772,2148
4,14,7,4,4,2,1367,829,2148
4,14,7,4,4,7,3558,1130,2148
15,3,7,4,4,0,5258,1403,5258
15,3,7,4,4,1,3179,2422,5258
15,3,7,4,4,3,6773,2542,5258
22,1,7,4,4,0,4191,2030,4191
22,1,7,4,4,1,4524,3490,4191
1,1,7,5,4,0,77,119,77
1,1,7,5,4,1,356,250,77
3,10,7,5,4,0,1130,346,1130
3,10,7,5,4,1,756,603,1130
3,10,7,5,4,2,1106,661,1130
3,10,7,5,4,5,2051,845,1130
3,30,7,5,4,0,3164,446,3164
3,30,7,5,4,1,885,685,3164
3,30,7,5,4,2,1236,743,3164
3,30,7,5,4,3,1627,803,3164
3,30,7,5,4,5,2267,931,3164
3,30,7,5,4,6,2631,991,3164
6,9,7,5,4,0,5217,614,5217
6,9,7,5,4,1,1239,1062,5217
6,9,7,5,4,3,2300,1181,5217
11,3,7,5,4,0,4191,1039,4191
11,3,7,5,4,1,2073,1807,4191
11,3,7,5,4,3,4103,1928,4191
15,1,7,5,4,0,2122,1393,2122
15,1,7,5,4,1,3158,2414,2122
1,1,7,6,4,0,76,119,76
1,1,7,6,4,1,356,252,76
3,19,7,6,4,0,2161,391,2161
3,19,7,6,4,1,823,643,2161
4,6,7,6,4,0,1106,417,1106
4,6,7,6,4,1,902,742,1106
4,6,7,6,4,2,1319,803,1106
4,6,7,6,4,3,1751,874,1106
4,6,7,6,4,6,3097,1061,1106
4,25,7,6,4,0,4179,512,4179
4,25,7,6,4,1,1005,822,4179
4,25,7,6,4,5,2857,1080,4179
6,5,7,6,4,0,3179,594,3179
6,5,7,6,4,1,1220,1047,3179
6,5,7,6,4,5,3430,1302,3179
13,5,7,6,4,0,5258,1231,5258
13,5,7,6,4,1,2286,2127,5258
13,5,7,6,4,5,6641,2387,5258
1,1,7,7,4,0,77,119,77
1,1,7,7,4,1,354,254,77
3,18,7,7,4,0,2160,386,2160
3,18,7,7,4,1,806,640,2160
3,18,7,7,4,2,1212,702,2160
3,18,7,7,4,3,1494,775,2160
3,18,7,7,4,6,2503,964,2160
4,24,7,7,4,0,4232,507,4232
4,24,7,7,4,1,1005,820,4232
4,24,7,7,4,2,1479,883,4232
4,24,7,7,4,3,1879,958,4232
4,24,7,7,4,4,2363,1021,4232
4,24,7,7,4,6,3200,1150,4232
4,24,7,7,4,8,4121,1278,4232
8,1,7,7,4,0,1119,756,1119
8,1,7,7,4,1,1551,1338,1119
11,2,7,7,4,0,3188,1034,3188
11,2,7,7,4,1,2077,1805,3188
11,2,7,7,4,2,3082,1870,3188
17,2,7,7,4,0,5270,1580,5270
17,2,7,7,4,1,3567,2731,5270
17,2,7,7,4,2,5602,2797,5270
1,1,7,8,4,0,77,119,77
1,1,7,8,4,1,358,256,77
3,8,7,8,4,0,1072,336,1072
3,8,7,8,4,1,736,599,1072
3,8,7,8,4,2,1057,663,1072
3,8,7,8,4,4,1727,801,1072
3,8,7,8,4,8,3079,1063,1072
4,17,7,8,4,0,3191,472,3191
4,17,7,8,4,1,964,794,3191
5,16,7,8,4,0,4215,558,4215
5,16,7,8,4,1,1112,943,4215
5,16,7,8,4,2,1606,1008,4215
5,16,7,8,4,4,2610,1150,4215
5,16,7,8,4,8,4565,1415,4215
14,1,7,8,4,0,2144,1302,2144
14,1,7,8,4,1,2398,2264,2144
22,1,7,8,4,0,5237,2030,5237
22,1,7,8,4,1,4530,3498,5237
1,1,8,2,4,0,471,132,471
1,1,8,2,4,1,340,266,471
1,13,8,2,4,0,5255,192,5255
1,13,8,2,4,1,429,320,5255
2,4,8,2,4,0,3295,251,3295
2,4,8,2,4,1,522,459,3295
2,4,8,2,4,2,750,511,3295
2,4,8,2,4,4,1223,618,3295
3,1,8,2,4,0,1403,340,1403
3,1,8,2,4,1,674,620,1403
5,1,8,2,4,0,2374,548,2374
5,1,8,2,4,1,984,974,2374
10,1,8,2,4,0,4458,1068,4458
10,1,8,2,4,1,1832,1856,4458
1,1,8,3,4,0,114,132,114
1,1,8,3,4,1,336,268,114
3,32,8,3,4,0,3185,495,3185
3,32,8,3,4,1,880,755,3185
3,32,8,3,4,2,1169,809,3185
3,32,8,3,4,4,1761,919,3185
3,32,8,3,4,8,2993,1150,3185
4,7,8,3,4,0,1153,474,1153
4,7,8,3,4,1,881,828,1153
4,7,8,3,4,7,3116,1174,1153
4,14,8,3,4,0,2160,509,2160
4,14,8,3,4,1,928,858,2160
4,14,8,3,4,2,1296,913,2160
4,14,8,3,4,7,3132,1204,2160
4,28,8,3,4,0,4170,579,4170
4,28,8,3,4,1,1006,916,4170
4,28,8,3,4,2,1404,971,4170
4,28,8,3,4,4,2148,1083,4170
4,28,8,3,4,7,3226,1263,4170
11,4,8,3,4,0,5233,1187,5233
11,4,8,3,4,1,1997,2049,5233
11,4,8,3,4,2,2807,2105,5233
11,4,8,3,4,4,4458,2220,5233
1,1,8,4,4,0,117,132,117
1,1,8,4,4,1,337,270,117
3,10,8,4,4,0,1139,385,1139
3,10,8,4,4,1,767,667,1139
3,10,8,4,4,2,1082,723,1139
3,10,8,4,4,5,1939,901,1139
4,20,8,4,4,0,3202,539,3202
4,20,8,4,4,1,961,886,3202
4,20,8,4,4,2,1403,943,3202
4,20,8,4,4,4,2135,1059,3202
4,20,8,4,4,5,2441,1127,3202
6,9,8,4,4,0,5235,692,5235
6,9,8,4,4,1,1241,1192,5235
6,9,8,4,4,3,2215,1307,5235
11,3,8,4,4,0,4225,1182,4225
11,3,8,4,4,1,1998,2047,4225
11,3,8,4,4,3,3636,2164,4225
15,1,8,4,4,0,2166,1588,2166
15,1,8,4,4,1,2605,2742,2166
1,1,8,5,4,0,120,132,120
1,1,8,5,4,1,338,272,120
2,10,8,5,4,0,1153,281,1153
2,10,8,5,4,1,582,492,1153
2,10,8,5,4,2,830,550,1153
2,10,8,5,4,5,1501,735,1153
3,19,8,5,4,0,2169,430,2169
3,19,8,5,4,1,835,709,2169
4,25,8,5,4,0,4191,564,4191
4,25,8,5,4,1,993,908,4191
4,25,8,5,4,5,2536,1158,4191
5,22,8,5,4,0,5225,653,5225
5,22,8,5,4,1,1157,1072,5225
5,22,8,5,4,2,1632,1131,5225
6,5,8,5,4,0,3197,672,3197
6,5,8,5,4,1,1201,1177,3197
6,5,8,5,4,5,3173,1424,3197
1,1,8,6,4,0,123,132,123
1,1,8,6,4,1,339,274,123
3,9,8,6,4,0,1146,380,1146
3,9,8,6,4,1,754,666,1146
3,9,8,6,4,3,1361,796,1146
3,18,8,6,4,0,2169,425,2169
3,18,8,6,4,1,818,704,2169
3,18,8,6,4,2,1166,764,2169
3,18,8,6,4,3,1434,835,2169
3,18,8,6,4,6,2342,1018,2169
4,18,8,6,4,0,3220,529,3220
4,18,8,6,4,1,956,882,3220
4,18,8,6,4,2,1370,943,3220
4,18,8,6,4,3,1693,1014,3220
4,18,8,6,4,6,2794,1200,3220
4,24,8,6,4,0,4244,559,4244
4,24,8,6,4,1,971,906,4244
4,24,8,6,4,2,1369,967,4244
4,24,8,6,4,3,1698,1040,4244
4,24,8,6,4,4,2101,1101,4244
4,24,8,6,4,6,2815,1226,4244
4,24,8,6,4,8,3575,1350,4244
4,30,8,6,4,0,5268,589,5268
4,30,8,6,4,1,1041,934,5268
4,30,8,6,4,2,1406,992,5268
4,30,8,6,4,3,1860,1065,5268
4,30,8,6,4,5,2557,1188,5268
4,30,8,6,4,6,2974,1251,5268
1,1,8,7,4,0,126,132,126
1,1,8,7,4,1,342,276,126
1,20,8,7,4,0,1147,227,1147
1,20,8,7,4,1,471,360,1147
1,20,8,7,4,2,715,421,1147
1,20,8,7,4,4,1041,553,1147
1,20,8,7,4,5,1141,615,1147
4,17,8,7,4,0,3203,524,3203
4,17,8,7,4,1,949,880,3203
5,20,8,7,4,0,5247,643,5247
5,20,8,7,4,1,1174,1068,5247
5,20,8,7,4,2,1691,1131,5247
5,20,8,7,4,4,2514,1269,5247
5,20,8,7,4,5,2935,1333,5247
14,1,8,7,4,0,2187,1484,2187
14,1,8,7,4,1,2439,2570,2187
20,1,8,7,4,0,4223,2108,4223
20,1,8,7,4,1,3396,3628,4223
1,1,8,8,4,0,129,132,129
1,1,8,8,4,1,342,278,129
1,19,8,8,4,0,1151,222,1151
1,19,8,8,4,1,473,358,1151
4,27,8,8,4,0,5242,574,5242
4,27,8,8,4,1,1006,922,5242
4,27,8,8,4,3,1885,1065,5242
9,3,8,8,4,0,4235,974,4235
9,3,8,8,4,1,1699,1702,4235
9,3,8,8,4,3,3140,1845,4235
10,1,8,8,4,0,2171,1068,2171
10,1,8,8,4,1,1836,1868,2171
17,1,8,8,4,0,3192,1796,3192
17,1,8,8,4,1,2921,3102,3192
1,7,1,2,4,0,649,120,649
1,7,1,2,4,1,329,189,649
1,7,1,2,4,7,999,503,649
1,19,1,2,4,0,1550,180,1550
1,19,1,2,4,1,402,241,1550
1,31,1,2,4,0,2444,240,2444
1,31,1,2,4,1,469,290,2444
2,21,1,2,4,0,3345,154,3345
2,21,1,2,4,1,360,224,3345
2,21,1,2,4,3,619,328,3345
2,21,1,2,4,7,1158,542,3345
2,27,1,2,4,0,4285,184,4285
2,27,1,2,4,1,394,248,4285
2,27,1,2,4,3,774,354,4285
3,8,1,2,4,0,2001,102,2001
3,8,1,2,4,1,311,191,2001
3,8,1,2,4,2,438,243,2001
3,8,1,2,4,4,694,349,2001
3,8,1,2,4,8,1249,564,2001
5,9,1,2,4,0,3800,133,3800
5,9,1,2,4,1,387,242,3800
5,9,1,2,4,3,688,349,3800
11,5,1,2,4,0,4711,191,4711
11,5,1,2,4,1,479,358,4711
11,5,1,2,4,5,1294,578,4711
12,1,1,2,4,0,1104,184,1104
12,1,1,2,4,1,455,360,1104
32,1,1,2,4,0,2918,444,2918
32,1,1,2,4,1,874,804,2918
1,8,1,3,4,0,1176,125,1176
1,8,1,3,4,1,328,196,1176
1,8,1,3,4,2,438,249,1176
1,8,1,3,4,4,662,357,1176
1,8,1,3,4,8,1137,582,1176
1,15,1,3,4,0,2087,160,2087
1,15,1,3,4,1,383,226,2087
1,15,1,3,4,3,660,333,2087
1,15,1,3,4,5,847,441,2087
1,22,1,3,4,0,3004,195,3004
1,22,1,3,4,1,421,255,3004
1,22,1,3,4,2,592,308,3004
1,29,1,3,4,0,3920,230,3920
1,29,1,3,4,1,463,284,3920
2,6,1,3,4,0,1631,79,1631
2,6,1,3,4,1,270,162,1631
2,6,1,3,4,2,395,216,1631
2,6,1,3,4,3,514,271,1631
2,6,1,3,4,6,918,445,1631
5,1,1,3,4,0,753,93,753
5,1,1,3,4,1,301,206,753
6,3,1,3,4,0,2546,116,2546
6,3,1,3,4,1,344,239,2546
6,3,1,3,4,3,662,350,2546
23,1,1,3,4,0,3459,327,3459
23,1,1,3,4,1,689,606,3459
29,1,1,3,4,0,4378,405,4378
29,1,1,3,4,1,815,740,4378
32,1,1,3,4,0,4864,444,4864
32,1,1,3,4,1,874,806,4864
1,6,1,4,4,0,1175,115,1175
1,6,1,4,4,1,325,189,1175
1,6,1,4,4,2,435,244,1175
1,6,1,4,4,3,537,300,1175
1,6,1,4,4,6,895,476,1175
1,11,1,4,4,0,2052,140,2052
1,11,1,4,4,1,366,211,2052
1,24,1,4,4,0,4322,205,4322
1,24,1,4,4,1,427,265,4322
1,24,1,4,4,2,582,320,4322
1,24,1,4,4,3,647,376,4322
1,24,1,4,4,4,807,432,4322
1,24,1,4,4,6,1003,553,4322
1,24,1,4,4,8,1286,665,4322
2,2,1,4,4,0,759,59,759
2,2,1,4,4,1,234,145,759
2,2,1,4,4,2,368,202,759
3,3,1,4,4,0,1669,77,1669
3,3,1,4,4,1,275,173,1669
3,3,1,4,4,3,543,286,1669
4,4,1,4,4,0,2965,95,2965
4,4,1,4,4,1,296,201,2965
4,4,1,4,4,2,436,258,2965
4,4,1,4,4,4,737,375,2965
9,2,1,4,4,0,3426,150,3426
9,2,1,4,4,1,393,303,3426
9,2,1,4,4,2,589,362,3426
13,1,1,4,4,0,2525,197,2525
13,1,1,4,4,1,475,386,2525
20,1,1,4,4,0,3915,288,3915
20,1,1,4,4,1,622,542,3915
24,1,1,4,4,0,4705,340,4705
24,1,1,4,4,1,705,630,4705
1,3,1,5,4,0,771,100,771
1,3,1,5,4,1,301,177,771
1,3,1,5,4,3,529,293,771
1,5,1,5,4,0,1201,110,1201
1,5,1,5,4,1,322,187,1201
1,5,1,5,4,5,782,425,1201
2,8,1,5,4,0,3517,89,3517
2,8,1,5,4,1,278,175,3517
2,8,1,5,4,2,407,233,3517
2,8,1,5,4,4,669,359,3517
2,8,1,5,4,8,1206,597,3517
2,9,1,5,4,0,3949,94,3949
2,9,1,5,4,1,300,180,3949
2,9,1,5,4,3,563,296,3949
2,10,1,5,4,0,4381,99,4381
2,10,1,5,4,1,309,184,4381
2,10,1,5,4,2,452,242,4381
2,10,1,5,4,5,812,427,4381
2,11,1,5,4,0,4815,104,4815
2,11,1,5,4,1,314,188,4815
7,1,1,5,4,0,1651,119,1651
7,1,1,5,4,1,342,254,1651
9,1,1,5,4,0,2129,145,2129
9,1,1,5,4,1,393,300,2129
11,1,1,5,4,0,2598,171,2598
11,1,1,5,4,1,439,344,2598
13,1,1,5,4,0,3067,197,3067
13,1,1,5,4,1,477,388,3067
1,4,1,6,4,0,1149,105,1149
1,4,1,6,4,1,306,184,1149
1,4,1,6,4,2,415,243,1149
1,4,1,6,4,4,664,370,1149
1,8,1,6,4,0,2173,125,2173
1,8,1,6,4,1,333,202,2173
1,8,1,6,4,2,448,261,2173
1,8,1,6,4,4,675,388,2173
1,8,1,6,4,8,1163,630,2173
1,13,1,6,4,0,3450,150,3450
1,13,1,6,4,1,376,223,3450
2,5,1,6,4,0,2634,74,2634
2,5,1,6,4,1,266,164,2634
2,5,1,6,4,5,797,415,2634
3,1,1,6,4,0,844,67,844
3,1,1,6,4,1,256,166,844
3,6,1,6,4,0,4773,92,4773
3,6,1,6,4,1,311,191,4773
3,6,1,6,4,2,441,251,4773
3,6,1,6,4,3,566,319,4773
3,6,1,6,4,6,997,503,4773
6,1,1,6,4,0,1672,106,1672
6,1,1,6,4,1,322,234,1672
8,2,1,6,4,0,4394,137,4394
8,2,1,6,4,1,369,285,4394
8,2,1,6,4,2,559,348,4394
11,1,1,6,4,0,3067,171,3067
11,1,1,6,4,1,437,346,3067
14,1,1,6,4,0,3905,210,3905
14,1,1,6,4,1,501,412,3905
1,5,1,7,4,0,1606,110,1606
1,5,1,7,4,1,321,191,1606
1,5,1,7,4,5,793,445,1606
1,7,1,7,4,0,2196,120,2196
1,7,1,7,4,1,330,199,2196
1,7,1,7,4,7,1039,579,2196
1,10,1,7,4,0,3086,135,3086
1,10,1,7,4,1,365,213,3086
1,10,1,7,4,2,496,274,3086
1,10,1,7,4,5,810,467,3086
1,11,1,7,4,0,3383,140,3383
1,11,1,7,4,1,375,217,3383
2,7,1,7,4,0,4301,84,4301
2,7,1,7,4,1,277,174,4301
2,7,1,7,4,7,1082,561,4301
3,1,1,7,4,0,967,67,967
3,1,1,7,4,1,255,168,967
4,1,1,7,4,0,1287,80,1287
4,1,1,7,4,1,282,192,1287
5,3,1,7,4,0,4686,103,4686
5,3,1,7,4,1,331,225,4686
5,3,1,7,4,3,642,360,4686
8,1,1,7,4,0,2569,132,2569
8,1,1,7,4,1,369,282,2569
12,1,1,7,4,0,3930,184,3930
12,1,1,7,4,1,459,370,3930
1,2,1,8,4,0,799,95,799
1,2,1,8,4,1,286,178,799
1,2,1,8,4,2,409,242,799
1,5,1,8,4,0,1809,110,1809
1,5,1,8,4,1,323,193,1809
1,5,1,8,4,5,792,455,1809
1,9,1,8,4,0,3148,130,3148
1,9,1,8,4,1,360,211,3148
1,9,1,8,4,3,604,344,3148
1,10,1,8,4,0,3483,135,3483
1,10,1,8,4,1,364,215,3483
1,10,1,8,4,2,500,278,3483
1,10,1,8,4,5,815,477,3483
2,7,1,8,4,0,4798,84,4798
2,7,1,8,4,1,278,176,4798
2,7,1,8,4,7,1089,575,4798
6,1,1,8,4,0,2170,106,2170
6,1,1,8,4,1,324,238,2170
7,1,1,8,4,0,2532,119,2532
7,1,1,8,4,1,344,260,2532
11,1,1,8,4,0,3985,171,3985
11,1,1,8,4,1,442,350,3985
12,1,1,8,4,0,4347,184,4347
12,1,1,8,4,1,460,372,4347
1,12,2,2,4,0,1058,109,1058
1,12,2,2,4,1,313,184,1058
1,12,2,2,4,2,442,235,1058
1,12,2,2,4,3,532,287,1058
1,12,2,2,4,4,678,339,1058
1,12,2,2,4,6,883,444,1058
2,28,2,2,4,0,4783,215,4783
2,28,2,2,4,1,439,296,4783
2,28,2,2,4,2,606,348,4783
2,28,2,2,4,4,889,454,4783
2,28,2,2,4,7,1285,615,4783
3,2,2,2,4,0,591,111,591
3,2,2,2,4,1,315,229,591
3,2,2,2,4,2,479,282,591
7,6,2,2,4,0,3857,235,3857
7,6,2,2,4,1,544,427,3857
7,6,2,2,4,2,770,480,3857
7,6,2,2,4,3,968,533,3857
7,6,2,2,4,6,1642,697,3857
8,2,2,2,4,0,1535,241,1535
8,2,2,2,4,1,537,453,1535
8,2,2,2,4,2,782,508,1535
9,4,2,2,4,0,3337,277,3337
9,4,2,2,4,1,603,507,3337
9,4,2,2,4,2,855,561,3337
9,4,2,2,4,4,1412,672,3337
15,2,2,2,4,0,2921,423,2921
15,2,2,2,4,1,818,763,2921
15,2,2,2,4,2,1176,819,2921
15,3,2,2,4,0,4304,428,4304
15,3,2,2,4,1,844,768,4304
15,3,2,2,4,3,1564,880,4304
19,1,2,2,4,0,1999,522,1999
19,1,2,2,4,1,985,934,1999
24,1,2,2,4,0,2434,652,2434
24,1,2,2,4,1,1182,1154,2434
1,7,2,3,4,0,1094,84,1094
1,7,2,3,4,1,273,164,1094
1,7,2,3,4,7,997,496,1094
1,29,2,3,4,0,4366,194,4366
1,29,2,3,4,1,403,257,4366
1,32,2,3,4,0,4812,209,4812
1,32,2,3,4,1,401,269,4812
1,32,2,3,4,2,531,322,4812
1,32,2,3,4,4,764,430,4812
1,32,2,3,4,8,1263,656,4812
2,2,2,3,4,0,667,85,667
2,2,2,3,4,1,275,187,667
2,2,2,3,4,2,420,242,667
2,5,2,3,4,0,1575,100,1575
2,5,2,3,4,1,302,202,1575
2,5,2,3,4,5,872,422,1575
2,8,2,3,4,0,2483,115,2483
2,8,2,3,4,1,317,215,2483
2,8,2,3,4,2,455,269,2483
2,8,2,3,4,4,738,379,2483
2,8,2,3,4,8,1332,609,2483
2,11,2,3,4,0,3391,130,3391
2,11,2,3,4,1,353,228,3391
8,3,2,3,4,0,3891,246,3891
8,3,2,3,4,1,555,460,3891
8,3,2,3,4,3,1049,574,3891
9,2,2,3,4,0,2955,267,2955
9,2,2,3,4,1,584,499,2955
9,2,2,3,4,2,842,556,2955
12,1,2,3,4,0,2034,340,2034
12,1,2,3,4,1,692,626,2034
1,6,2,4,4,0,1186,79,1186
1,6,2,4,4,1,268,162,1186
1,6,2,4,4,2,387,217,1186
1,6,2,4,4,3,492,273,1186
1,6,2,4,4,6,874,449,1186
1,18,2,4,4,0,3450,139,3450
1,18,2,4,4,1,343,214,3450
1,18,2,4,4,2,517,269,3450
1,18,2,4,4,3,610,324,3450
1,18,2,4,4,6,980,500,3450
1,23,2,4,4,0,4394,164,4394
1,23,2,4,4,1,362,234,4394
2,4,2,4,4,0,1579,95,1579
2,4,2,4,4,1,288,199,1579
2,4,2,4,4,2,429,255,1579
2,4,2,4,4,4,726,370,1579
2,10,2,4,4,0,3857,125,3857
2,10,2,4,4,1,347,226,3857
2,10,2,4,4,2,505,282,3857
2,10,2,4,4,5,905,461,3857
3,1,2,4,4,0,647,106,647
3,1,2,4,4,1,314,228,647
3,5,2,4,4,0,2963,126,2963
3,5,2,4,4,1,361,249,2963
3,5,2,4,4,5,995,483,2963
5,2,2,4,4,0,2070,163,2070
5,2,2,4,4,1,405,323,2070
5,2,2,4,4,2,602,381,2070
6,4,2,4,4,0,4816,199,4816
6,4,2,4,4,1,469,377,4816
6,4,2,4,4,2,672,434,4816
6,4,2,4,4,4,1120,551,4816
12,1,2,4,4,0,2511,340,2511
12,1,2,4,4,1,692,628,2511
1,3,2,5,4,0,755,64,755
1,3,2,5,4,1,240,150,755
1,3,2,5,4,3,485,266,755
1,5,2,5,4,0,1223,74,1223
1,5,2,5,4,1,262,160,1223
1,5,2,5,4,5,759,398,1223
1,7,2,5,4,0,1689,84,1689
1,7,2,5,4,1,275,168,1689
1,7,2,5,4,7,1022,524,1689
1,9,2,5,4,0,2157,94,2157
1,9,2,5,4,1,298,178,2157
1,9,2,5,4,3,542,292,2157
3,6,2,5,4,0,4369,131,4369
3,6,2,5,4,1,371,255,4369
3,6,2,5,4,2,523,313,4369
3,6,2,5,4,3,663,371,4369
3,6,2,5,4,6,1177,557,4369
4,4,2,5,4,0,3910,147,3910
4,4,2,5,4,1,378,291,3910
4,4,2,5,4,2,550,350,3910
4,4,2,5,4,4,934,479,3910
6,2,2,5,4,0,2986,189,2986
6,2,2,5,4,1,446,369,2986
6,2,2,5,4,2,662,429,2986
7,2,2,5,4,0,3487,215,3487
7,2,2,5,4,1,488,413,3487
7,2,2,5,4,2,712,473,3487
10,1,2,5,4,0,2547,288,2547
10,1,2,5,4,1,619,542,2547
19,1,2,5,4,0,4851,522,4851
19,1,2,5,4,1,987,940,4851
1,3,2,6,4,0,884,64,884
1,3,2,6,4,1,242,152,884
1,3,2,6,4,3,492,278,884
1,6,2,6,4,0,1714,79,1714
1,6,2,6,4,1,272,166,1714
1,6,2,6,4,2,391,225,1714
1,6,2,6,4,3,505,292,1714
1,6,2,6,4,6,890,473,1714
1,9,2,6,4,0,2544,94,2544
1,9,2,6,4,1,294,180,2544
1,9,2,6,4,3,554,305,2544
1,17,2,6,4,0,4758,134,4758
1,17,2,6,4,1,344,214,4758
3,4,2,6,4,0,3463,121,3463
3,4,2,6,4,1,342,247,3463
3,4,2,6,4,2,493,307,3463
3,4,2,6,4,4,831,437,3463
3,5,2,6,4,0,4313,126,4313
3,5,2,6,4,1,361,253,4313
3,5,2,6,4,5,1001,503,4313
7,1,2,6,4,0,2104,210,2104
7,1,2,6,4,1,480,410,2104
10,1,2,6,4,0,3014,288,3014
10,1,2,6,4,1,615,544,3014
13,1,2,6,4,0,3909,366,3909
13,1,2,6,4,1,750,676,3909
1,5,2,7,4,0,1643,74,1643
1,5,2,7,4,1,265,164,1643
1,5,2,7,4,5,769,418,1643
1,8,2,7,4,0,2596,89,2596
1,8,2,7,4,1,276,177,2596
1,8,2,7,4,2,399,238,2596
1,8,2,7,4,4,646,369,2596
1,8,2,7,4,8,1160,619,2596
2,1,2,7,4,0,711,80,711
2,1,2,7,4,1,273,190,711
2,6,2,7,4,0,3905,105,3905
2,6,2,7,4,1,315,214,3905
2,6,2,7,4,2,457,276,3905
2,6,2,7,4,3,601,347,3905
2,6,2,7,4,6,1055,537,3905
3,3,2,7,4,0,3011,116,3011
3,3,2,7,4,1,341,245,3011
3,3,2,7,4,3,666,377,3011
6,1,2,7,4,0,2071,184,2071
6,1,2,7,4,1,445,368,2071
7,2,2,7,4,0,4737,215,4737
7,2,2,7,4,1,486,417,4737
7,2,2,7,4,2,724,481,4737
10,1,2,7,4,0,3461,288,3461
10,1,2,7,4,1,620,546,3461
1,6,2,8,4,0,2230,79,2230
1,6,2,8,4,1,272,170,2230
1,6,2,8,4,2,392,233,2230
1,6,2,8,4,3,512,304,2230
1,6,2,8,4,6,903,497,2230
1,7,2,8,4,0,2592,84,2592
1,7,2,8,4,1,274,174,2592
1,7,2,8,4,7,1036,566,2592
1,13,2,8,4,0,4768,114,4768
1,13,2,8,4,1,318,200,4768
2,1,2,8,4,0,792,80,792
2,1,2,8,4,1,275,192,792
2,4,2,8,4,0,2987,95,2987
2,4,2,8,4,1,292,207,2987
2,4,2,8,4,2,438,271,2987
2,4,2,8,4,4,749,409,2987
3,1,2,8,4,0,1181,106,1181
3,1,2,8,4,1,320,236,1181
3,3,2,8,4,0,3407,116,3407
3,3,2,8,4,1,341,247,3407
3,3,2,8,4,3,671,383,3407
4,1,2,8,4,0,1565,132,1565
4,1,2,8,4,1,359,282,1565
10,1,2,8,4,0,3909,288,3909
10,1,2,8,4,1,623,548,3909
1,6,3,2,4,0,1159,92,1159
1,6,3,2,4,1,305,180,1159
1,6,3,2,4,2,447,231,1159
1,6,3,2,4,3,590,283,1159
1,6,3,2,4,6,1031,441,1159
1,8,3,2,4,0,1615,102,1615
1,8,3,2,4,1,306,189,1615
1,8,3,2,4,2,454,240,1615
1,8,3,2,4,4,739,344,1615
1,8,3,2,4,8,1342,555,1615
1,15,3,2,4,0,2977,137,2977
1,15,3,2,4,1,364,219,2977
1,15,3,2,4,3,716,322,2977
1,15,3,2,4,5,958,426,2977
1,22,3,2,4,0,4317,172,4317
1,22,3,2,4,1,400,248,4317
1,22,3,2,4,2,605,299,4317
2,10,3,2,4,0,3914,151,3914
2,10,3,2,4,1,421,266,3914
2,10,3,2,4,2,624,318,3914
2,10,3,2,4,5,1151,477,3914
3,1,3,2,4,0,671,145,671
3,1,3,2,4,1,396,290,671
3,4,3,2,4,0,2452,160,2452
3,4,3,2,4,1,426,305,2452
3,4,3,2,4,2,622,357,2452
3,4,3,2,4,4,1075,464,2452
3,8,3,2,4,0,4828,180,4828
3,8,3,2,4,1,455,323,4828
3,8,3,2,4,2,655,375,4828
3,8,3,2,4,4,1070,481,4828
3,8,3,2,4,8,1913,696,4828
10,1,3,2,4,0,2004,418,2004
10,1,3,2,4,1,927,756,2004
16,1,3,2,4,0,3410,652,3410
16,1,3,2,4,1,1567,1154,3410
1,2,3,3,4,0,691,72,691
1,2,3,3,4,1,263,163,691
1,2,3,3,4,2,415,217,691
1,5,3,3,4,0,1631,87,1631
1,5,3,3,4,1,300,178,1631
1,5,3,3,4,5,883,394,1631
1,8,3,3,4,0,2567,102,2567
1,8,3,3,4,1,308,191,2567
1,8,3,3,4,2,454,244,2567
1,8,3,3,4,4,743,352,2567
1,8,3,3,4,8,1355,577,2567
1,14,3,3,4,0,4365,132,4365
1,14,3,3,4,1,357,216,4365
1,14,3,3,4,2,506,269,4365
1,14,3,3,4,7,1233,548,4365
2,2,3,3,4,0,1310,111,1310
2,2,3,3,4,1,348,231,1310
2,2,3,3,4,2,549,286,1310
3,2,3,3,4,0,2070,150,2070
3,2,3,3,4,1,406,297,2070
3,2,3,3,4,2,628,352,2070
3,3,3,3,4,0,3065,155,3065
3,3,3,3,4,1,431,303,3065
3,3,3,3,4,3,853,412,3065
3,4,3,3,4,0,3892,160,3892
3,4,3,3,4,1,431,307,3892
3,4,3,3,4,2,637,361,3892
3,4,3,3,4,4,1085,472,3892
11,1,3,3,4,0,3456,457,3456
11,1,3,3,4,1,1022,824,3456
14,1,3,3,4,0,4761,574,4761
14,1,3,3,4,1,1238,1022,4761
1,2,3,4,4,0,845,72,845
1,2,3,4,4,1,264,165,845
1,2,3,4,4,2,415,221,845
1,9,3,4,4,0,3537,107,3537
1,9,3,4,4,1,345,198,3537
1,9,3,4,4,3,644,308,3537
2,4,3,4,4,0,3146,121,3146
2,4,3,4,4,1,360,243,3146
2,4,3,4,4,2,549,299,3146
2,4,3,4,4,4,959,414,3146
2,5,3,4,4,0,3917,126,3917
2,5,3,4,4,1,376,248,3917
2,5,3,4,4,5,1148,483,3917
4,1,3,4,4,0,1707,184,1707
4,1,3,4,4,1,531,362,1707
5,1,3,4,4,0,2230,223,2230
5,1,3,4,4,1,564,428,2230
7,1,3,4,4,0,2671,301,2671
7,1,3,4,4,1,616,560,2671
12,1,3,4,4,0,4821,496,4821
12,1,3,4,4,1,1063,892,4821
1,4,3,5,4,0,1851,82,1851
1,4,3,5,4,1,285,177,1851
1,4,3,5,4,2,429,234,1851
1,4,3,5,4,4,742,357,1851
1,8,3,5,4,0,3647,102,3647
1,8,3,5,4,1,310,195,3647
1,8,3,5,4,2,461,252,3647
1,8,3,5,4,4,757,375,3647
1,8,3,5,4,8,1375,609,3647
1,10,3,5,4,0,4603,112,4603
1,10,3,5,4,1,344,204,4603
1,10,3,5,4,2,510,261,4603
1,10,3,5,4,5,922,442,4603
2,1,3,5,4,0,988,106,988
2,1,3,5,4,1,347,230,988
5,1,3,5,4,0,2527,223,2527
5,1,3,5,4,1,561,430,2527
7,1,3,5,4,0,3158,301,3158
7,1,3,5,4,1,617,562,3158
8,1,3,5,4,0,3769,340,3769
8,1,3,5,4,1,822,630,3769
1,2,3,6,4,0,1093,72,1093
1,2,3,6,4,1,267,169,1093
1,2,3,6,4,2,422,229,1093
1,5,3,6,4,0,2686,87,2686
1,5,3,6,4,1,302,184,2686
1,5,3,6,4,5,905,430,2686
1,7,3,6,4,0,3806,97,3806
1,7,3,6,4,1,312,192,3806
1,7,3,6,4,7,1225,560,3806
1,8,3,6,4,0,4351,102,4351
1,8,3,6,4,1,310,197,4351
1,8,3,6,4,2,463,256,4351
1,8,3,6,4,4,764,383,4351
1,8,3,6,4,8,1382,625,4351
3,1,3,6,4,0,1667,145,1667
3,1,3,6,4,1,407,298,1667
6,1,3,6,4,0,3124,262,3124
6,1,3,6,4,1,626,498,3124
7,1,3,6,4,0,3708,301,3708
7,1,3,6,4,1,623,564,3708
9,1,3,6,4,0,4829,379,4829
9,1,3,6,4,1,886,698,4829
1,4,3,7,4,0,2727,82,2727
1,4,3,7,4,1,287,181,2727
1,4,3,7,4,2,432,242,2727
1,4,3,7,4,4,751,373,2727
1,6,3,7,4,0,4039,92,4039
1,6,3,7,4,1,310,190,4039
1,6,3,7,4,2,458,251,4039
1,6,3,7,4,3,612,320,4039
1,6,3,7,4,6,1072,507,4039
2,1,3,7,4,0,1321,106,1321
2,1,3,7,4,1,345,234,1321
2,4,3,7,4,0,4901,121,4901
2,4,3,7,4,1,367,249,4901
2,4,3,7,4,2,557,311,4901
2,4,3,7,4,4,982,445,4901
3,1,3,7,4,0,1921,145,1921
3,1,3,7,4,1,404,300,1921
5,1,3,7,4,0,3301,223,3301
5,1,3,7,4,1,564,434,3301
6,1,3,7,4,0,3638,262,3638
6,1,3,7,4,1,627,500,3638
2,5,3,8,4,0,527,126,527
2,5,3,8,4,1,380,256,527
2,5,3,8,4,5,1174,523,527
2,10,3,8,4,0,984,151,984
2,10,3,8,4,1,424,278,984
2,10,3,8,4,2,637,342,984
2,10,3,8,4,5,1195,545,984
2,15,3,8,4,0,1443,176,1443
2,15,3,8,4,1,449,299,1443
2,15,3,8,4,3,897,437,1443
2,15,3,8,4,5,1252,566,1443
2,31,3,8,4,0,2909,256,2909
2,31,3,8,4,1,535,365,2909
4,26,3,8,4,0,3824,309,3824
4,26,3,8,4,1,692,478,3824
4,26,3,8,4,2,989,543,3824
5,9,3,8,4,0,1949,263,1949
5,9,3,8,4,1,647,474,1949
5,9,3,8,4,3,1264,615,1949
5,16,3,8,4,0,3388,298,3388
5,16,3,8,4,1,687,503,3388
5,16,3,8,4,2,965,568,3388
5,16,3,8,4,4,1594,710,3388
5,16,3,8,4,8,2739,975,3388
6,9,3,8,4,0,4794,302,4794
6,9,3,8,4,1,704,540,4794
6,9,3,8,4,3,1369,681,4794
8,3,3,8,4,0,2407,350,2407
8,3,3,8,4,1,826,646,2407
8,3,3,8,4,3,1769,789,2407
10,3,3,8,4,0,4302,428,4302
10,3,3,8,4,1,944,779,4302
10,3,3,8,4,3,1903,921,4302
1,3,4,2,4,0,755,90,755
1,3,4,2,4,1,280,188,755
1,3,4,2,4,3,538,292,755
1,5,4,2,4,0,1224,100,1224
1,5,4,2,4,1,297,198,1224
1,5,4,2,4,5,824,406,1224
1,7,4,2,4,0,1688,110,1688
1,7,4,2,4,1,309,206,1688
1,7,4,2,4,7,1106,520,1688
3,5,4,2,4,0,3866,204,3866
3,5,4,2,4,1,476,377,3866
3,5,4,2,4,5,1281,588,3866
4,2,4,2,4,0,2079,241,2079
4,2,4,2,4,1,516,451,2079
4,2,4,2,4,2,767,505,2079
5,2,4,2,4,0,2521,293,2521
5,2,4,2,4,1,610,539,2521
5,2,4,2,4,2,897,593,2521
6,2,4,2,4,0,3006,345,3006
6,2,4,2,4,1,684,627,3006
6,2,4,2,4,2,985,681,3006
7,2,4,2,4,0,3467,397,3467
7,2,4,2,4,1,758,715,3467
7,2,4,2,4,2,1093,769,3467
10,2,4,2,4,0,4784,553,4784
10,2,4,2,4,1,1035,981,4784
10,2,4,2,4,2,1437,1036,4784
17,1,4,2,4,0,4367,912,4367
17,1,4,2,4,1,1588,1594,4367
1,8,4,3,4,0,3026,115,3026
1,8,4,3,4,1,312,213,3026
1,8,4,3,4,2,440,266,3026
1,8,4,3,4,4,704,374,3026
1,8,4,3,4,8,1283,599,3026
1,9,4,3,4,0,3396,120,3396
1,9,4,3,4,1,331,218,3396
1,9,4,3,4,3,608,324,3396
1,10,4,3,4,0,3856,125,3856
1,10,4,3,4,1,337,222,3856
1,10,4,3,4,2,495,275,3856
1,10,4,3,4,5,861,437,3856
1,11,4,3,4,0,4248,130,4248
1,11,4,3,4,1,344,226,4248
2,1,4,3,4,0,897,132,897
2,1,4,3,4,1,350,270,897
2,2,4,3,4,0,1722,137,1722
2,2,4,3,4,1,351,275,1722
2,2,4,3,4,2,530,330,1722
2,3,4,3,4,0,2545,142,2545
2,3,4,3,4,1,363,280,2545
2,3,4,3,4,3,712,390,2545
5,1,4,3,4,0,2165,288,2165
5,1,4,3,4,1,609,536,2165
11,1,4,3,4,0,4684,600,4684
11,1,4,3,4,1,1093,1066,4684
1,2,4,4,4,0,1192,85,1192
1,2,4,4,4,1,269,187,1192
1,2,4,4,4,2,415,243,1192
1,5,4,4,4,0,2909,100,2909
1,5,4,4,4,1,304,202,2909
1,5,4,4,4,5,853,432,2909
1,7,4,4,4,0,4012,110,4012
1,7,4,4,4,1,314,210,4012
1,7,4,4,4,7,1141,554,4012
2,1,4,4,4,0,1194,132,1194
2,1,4,4,4,1,349,272,1194
2,2,4,4,4,0,2316,137,2316
2,2,4,4,4,1,352,277,2316
2,2,4,4,4,2,530,334,2316
3,1,4,4,4,0,1820,184,1820
3,1,4,4,4,1,432,360,1820
3,2,4,4,4,0,3555,189,3555
3,2,4,4,4,1,435,365,3555
3,2,4,4,4,2,645,422,3555
4,2,4,4,4,0,4917,241,4917
4,2,4,4,4,1,517,455,4917
4,2,4,4,4,2,765,513,4917
5,1,4,4,4,0,3142,288,3142
5,1,4,4,4,1,597,538,3142
1,2,4,5,4,0,1346,85,1346
1,2,4,5,4,1,263,189,1346
1,2,4,5,4,2,405,247,1346
1,3,4,5,4,0,1988,90,1988
1,3,4,5,4,1,279,194,1988
1,3,4,5,4,3,551,310,1988
1,4,4,5,4,0,2726,95,2726
1,4,4,5,4,1,287,199,2726
1,4,4,5,4,2,414,256,2726
1,4,4,5,4,4,700,379,2726
1,7,4,5,4,0,4726,110,4726
1,7,4,5,4,1,310,212,4726
1,7,4,5,4,7,1132,568,4726
2,3,4,5,4,0,3949,142,3949
2,3,4,5,4,1,365,284,3949
2,3,4,5,4,3,717,402,3949
3,1,4,5,4,0,2108,184,2108
3,1,4,5,4,1,437,362,2108
5,1,4,5,4,0,3634,288,3634
5,1,4,5,4,1,599,540,3634
1,2,4,6,4,0,1564,85,1564
1,2,4,6,4,1,272,191,1564
1,2,4,6,4,2,409,251,1564
1,3,4,6,4,0,2315,90,2315
1,3,4,6,4,1,284,196,2315
1,3,4,6,4,3,564,322,2315
1,5,4,6,4,0,3909,100,3909
1,5,4,6,4,1,301,206,3909
1,5,4,6,4,5,867,452,3909
2,2,4,6,4,0,3072,137,3072
2,2,4,6,4,1,355,281,3072
2,2,4,6,4,2,536,342,3072
6,1,4,6,4,0,4765,340,4765
6,1,4,6,4,1,680,630,4765
2,15,4,7,4,0,1509,202,1509
2,15,4,7,4,1,451,341,1509
2,15,4,7,4,3,860,475,1509
2,15,4,7,4,5,1174,600,1509
2,30,4,7,4,0,2944,277,2944
2,30,4,7,4,1,531,403,2944
2,30,4,7,4,2,734,465,2944
2,30,4,7,4,3,1012,538,2944
2,30,4,7,4,5,1302,663,2944
2,30,4,7,4,6,1527,727,2944
3,5,4,7,4,0,566,204,566
3,5,4,7,4,1,486,387,566
3,5,4,7,4,5,1315,645,566
3,10,4,7,4,0,1043,229,1043
3,10,4,7,4,1,529,409,1043
3,10,4,7,4,2,748,471,1043
3,10,4,7,4,5,1333,667,1043
4,13,4,7,4,0,1966,296,1966
4,13,4,7,4,1,612,510,1966
4,26,4,7,4,0,3835,361,3835
4,26,4,7,4,1,676,564,3835
4,26,4,7,4,2,979,627,3835
5,16,4,7,4,0,3403,363,3403
5,16,4,7,4,1,719,611,3403
5,16,4,7,4,2,981,674,3403
5,16,4,7,4,4,1543,812,3403
5,16,4,7,4,8,2628,1069,3403
6,9,4,7,4,0,4811,380,4811
6,9,4,7,4,1,758,670,4811
6,9,4,7,4,3,1388,807,4811
8,3,4,7,4,0,2431,454,2431
8,3,4,7,4,1,870,820,2431
8,3,4,7,4,3,1653,959,2431
10,3,4,7,4,0,4332,558,4332
10,3,4,7,4,1,1054,997,4332
10,3,4,7,4,3,1885,1135,4332
1,22,4,8,4,0,1042,185,1042
1,22,4,8,4,1,406,282,1042
1,22,4,8,4,2,611,345,1042
2,23,4,8,4,0,2436,242,2436
2,23,4,8,4,1,492,376,2436
3,14,4,8,4,0,1511,249,1511
3,14,4,8,4,1,547,427,1511
3,14,4,8,4,2,764,491,1511
3,14,4,8,4,7,1794,825,1511
4,3,4,8,4,0,557,246,557
4,3,4,8,4,1,528,468,557
4,3,4,8,4,3,1009,608,557
5,17,4,8,4,0,3814,368,3814
5,17,4,8,4,1,759,618,3814
6,5,4,8,4,0,2924,360,2924
6,5,4,8,4,1,733,655,2924
6,5,4,8,4,5,1970,926,2924
8,4,4,8,4,0,3374,459,3374
8,4,4,8,4,1,880,827,3374
8,4,4,8,4,2,1264,893,3374
8,4,4,8,4,4,2027,1037,3374
14,3,4,8,4,0,4741,766,4741
14,3,4,8,4,1,1364,1351,4741
14,3,4,8,4,3,2500,1493,4741
15,1,4,8,4,0,1987,808,1987
15,1,4,8,4,1,1428,1430,1987
22,1,4,8,4,0,4255,1172,4255
22,1,4,8,4,1,1987,2046,4255
1,3,5,2,4,0,947,103,947
1,3,5,2,4,1,320,210,947
1,3,5,2,4,3,651,314,947
1,7,5,2,4,0,2125,123,2125
1,7,5,2,4,1,351,228,2125
1,7,5,2,4,7,1343,542,2125
1,10,5,2,4,0,3009,138,3009
1,10,5,2,4,1,382,242,3009
1,10,5,2,4,2,563,293,3009
1,10,5,2,4,5,1015,449,3009
1,13,5,2,4,0,3893,153,3893
1,13,5,2,4,1,394,254,3893
3,4,5,2,4,0,3478,238,3478
3,4,5,2,4,1,564,437,3478
3,4,5,2,4,2,830,489,3478
3,4,5,2,4,4,1400,596,3478
5,1,5,2,4,0,1678,353,1678
5,1,5,2,4,1,780,644,1678
8,1,5,2,4,0,2623,548,2623
8,1,5,2,4,1,1229,976,2623
16,1,5,2,4,0,4860,1068,4860
16,1,5,2,4,1,2453,1858,4860
1,6,5,3,4,0,3085,118,3085
1,6,5,3,4,1,351,226,3085
1,6,5,3,4,2,508,279,3085
1,6,5,3,4,3,666,333,3085
1,6,5,3,4,6,1185,503,3085
1,7,5,3,4,0,3651,123,3651
1,7,5,3,4,1,353,230,3651
1,7,5,3,4,7,1356,562,3651
1,10,5,3,4,0,4739,138,4739
1,10,5,3,4,1,385,244,4739
1,10,5,3,4,2,566,297,4739
1,10,5,3,4,5,1024,459,4739
2,1,5,3,4,0,1001,158,1001
2,1,5,3,4,1,441,314,1001
2,2,5,3,4,0,1925,163,1925
2,2,5,3,4,1,442,319,1925
2,2,5,3,4,2,694,374,1925
3,3,5,3,4,0,4469,233,4469
3,3,5,3,4,1,560,435,4469
3,3,5,3,4,3,1102,544,4469
4,1,5,3,4,0,2068,288,2068
4,1,5,3,4,1,689,536,2068
5,1,5,3,4,0,2691,353,2691
5,1,5,3,4,1,792,646,2691
8,1,5,3,4,0,3929,548,3929
8,1,5,3,4,1,1227,978,3929
1,4,5,4,4,0,2861,108,2861
1,4,5,4,4,1,328,219,2861
1,4,5,4,4,2,486,274,2861
1,4,5,4,4,4,831,387,2861
2,1,5,4,4,0,1408,158,1408
2,1,5,4,4,1,441,316,1408
2,2,5,4,4,0,2739,163,2739
2,2,5,4,4,1,445,321,2739
2,2,5,4,4,2,693,378,2739
3,1,5,4,4,0,2111,223,2111
3,1,5,4,4,1,539,426,2111
5,1,5,4,4,0,3658,353,3658
5,1,5,4,4,1,814,648,3658
6,1,5,4,4,0,4156,418,4156
6,1,5,4,4,1,890,758,4156
7,1,5,4,4,0,4470,483,4470
7,1,5,4,4,1,900,868,4470
1,2,5,5,4,0,1901,98,1901
1,2,5,5,4,1,307,211,1901
1,2,5,5,4,2,482,269,1901
1,5,5,5,4,0,4742,113,4742
1,5,5,5,4,1,344,226,4742
1,5,5,5,4,5,1014,464,4742
3,1,5,5,4,0,2828,223,2828
3,1,5,5,4,1,538,428,2828
4,1,5,5,4,0,3698,288,3698
4,1,5,5,4,1,691,540,3698
2,10,5,6,4,0,995,203,995
2,10,5,6,4,1,525,362,995
2,10,5,6,4,2,782,422,995
2,10,5,6,4,5,1480,613,995
2,31,5,6,4,0,2920,308,2920
2,31,5,6,4,1,632,449,2920
4,3,5,6,4,0,543,298,543
4,3,5,6,4,1,707,552,543
4,3,5,6,4,3,1434,684,543
4,26,5,6,4,0,3848,413,3848
4,26,5,6,4,1,859,650,3848
4,26,5,6,4,2,1262,711,3848
6,8,5,6,4,0,4310,453,4310
6,8,5,6,4,1,955,795,4310
6,8,5,6,4,2,1396,856,4310
6,8,5,6,4,4,2306,989,4310
6,8,5,6,4,8,4122,1239,4310
6,9,5,6,4,0,4830,458,4830
6,9,5,6,4,1,967,800,4830
6,9,5,6,4,3,1883,933,4830
12,1,5,6,4,0,1483,808,1483
12,1,5,6,4,1,1629,1424,1483
13,2,5,6,4,0,1975,878,1975
13,2,5,6,4,1,1773,1539,1975
13,2,5,6,4,2,2620,1602,1975
16,1,5,6,4,0,2442,1068,2442
16,1,5,6,4,1,2468,1866,2442
21,1,5,6,4,0,3369,1393,3369
21,1,5,6,4,1,3196,2416,3369
2,19,5,7,4,0,1955,248,1955
2,19,5,7,4,1,568,402,1955
3,9,5,7,4,0,1011,263,1011
3,9,5,7,4,1,627,470,1011
3,9,5,7,4,3,1198,604,1011
3,23,5,7,4,0,2435,333,2435
3,23,5,7,4,1,721,529,2435
4,9,5,7,4,0,1486,328,1486
4,9,5,7,4,1,767,582,1486
4,9,5,7,4,3,1496,717,1486
5,2,5,7,4,0,564,358,564
5,2,5,7,4,1,789,659,564
5,2,5,7,4,2,1213,723,564
5,17,5,7,4,0,3829,433,3829
5,17,5,7,4,1,938,726,3829
12,2,5,7,4,0,2916,813,2916
12,2,5,7,4,1,1665,1431,2916
12,2,5,7,4,2,2432,1496,2916
14,3,5,7,4,0,4782,948,4782
14,3,5,7,4,1,1922,1657,4782
14,3,5,7,4,3,3668,1795,4782
22,1,5,7,4,0,4322,1458,4322
22,1,5,7,4,1,3315,2528,4322
25,1,5,7,4,0,3381,1653,3381
25,1,5,7,4,1,3711,2858,3381
1,32,5,8,4,0,545,248,545
1,32,5,8,4,1,486,345,545
1,32,5,8,4,2,667,408,545
1,32,5,8,4,4,1011,545,545
1,32,5,8,4,8,1701,802,545
3,13,5,8,4,0,1495,283,1495
3,13,5,8,4,1,647,489,1495
3,26,5,8,4,0,2896,348,2896
3,26,5,8,4,1,730,543,2896
3,26,5,8,4,2,1054,607,2896
4,23,5,8,4,0,3831,398,3831
4,23,5,8,4,1,840,642,3831
4,26,5,8,4,0,4316,413,4316
4,26,5,8,4,1,868,654,4316
4,26,5,8,4,2,1279,719,4316
4,29,5,8,4,0,4801,428,4801
4,29,5,8,4,1,892,669,4801
5,8,5,8,4,0,1966,388,1966
5,8,5,8,4,1,851,689,1966
5,8,5,8,4,2,1260,754,1966
5,8,5,8,4,4,2069,895,1966
5,8,5,8,4,8,3699,1161,1966
5,10,5,8,4,0,2424,398,2424
5,10,5,8,4,1,894,698,2424
5,10,5,8,4,2,1304,763,2424
5,10,5,8,4,5,2476,970,2424
8,1,5,8,4,0,1025,548,1025
8,1,5,8,4,1,1227,988,1025
10,2,5,8,4,0,3366,683,3366
10,2,5,8,4,1,1435,1213,3366
10,2,5,8,4,2,2137,1280,3366
1,2,6,2,4,0,756,111,756
1,2,6,2,4,1,321,227,756
1,2,6,2,4,2,491,279,756
1,5,6,2,4,0,1800,126,1800
1,5,6,2,4,1,355,242,1800
1,5,6,2,4,5,1018,450,1800
1,6,6,2,4,0,2116,131,2116
1,6,6,2,4,1,362,246,2116
1,6,6,2,4,2,525,297,2116
1,6,6,2,4,3,683,349,2116
1,6,6,2,4,6,1193,507,2116
1,10,6,2,4,0,3462,151,3462
1,10,6,2,4,1,399,264,3462
1,10,6,2,4,2,580,315,3462
1,10,6,2,4,5,1038,471,3462
2,4,6,2,4,0,2612,199,2612
2,4,6,2,4,1,488,371,2612
2,4,6,2,4,2,726,423,2612
2,4,6,2,4,4,1231,530,2612
3,3,6,2,4,0,3083,272,3083
3,3,6,2,4,1,608,499,3083
3,3,6,2,4,3,1170,604,3083
11,1,6,2,4,0,3893,886,3893
11,1,6,2,4,1,1646,1548,3893
13,1,6,2,4,0,4715,1042,4715
13,1,6,2,4,1,1914,1812,4715
1,2,6,3,4,0,1121,111,1121
1,2,6,3,4,1,322,229,1121
1,2,6,3,4,2,492,283,1121
1,6,6,3,4,0,3227,131,3227
1,6,6,3,4,1,367,248,3227
1,6,6,3,4,2,528,301,3227
1,6,6,3,4,3,688,355,3227
1,6,6,3,4,6,1204,525,3227
1,7,6,3,4,0,3683,136,3683
1,7,6,3,4,1,370,252,3683
1,7,6,3,4,7,1384,584,3683
1,8,6,3,4,0,4225,141,4225
1,8,6,3,4,1,366,257,4225
1,8,6,3,4,2,535,310,4225
1,8,6,3,4,4,860,418,4225
1,8,6,3,4,8,1559,643,4225
1,9,6,3,4,0,4744,146,4744
1,9,6,3,4,1,393,262,4744
1,9,6,3,4,3,734,368,4744
3,1,6,3,4,0,1760,262,1760
3,1,6,3,4,1,588,490,1760
4,1,6,3,4,0,2236,340,2236
4,1,6,3,4,1,744,624,2236
2,1,6,4,4,0,1612,184,1612
2,1,6,4,4,1,469,360,1612
2,2,6,4,4,0,3140,189,3140
2,2,6,4,4,1,469,365,3140
2,2,6,4,4,2,722,422,3140
2,3,6,4,4,0,4666,194,4666
2,3,6,4,4,1,484,370,4666
2,3,6,4,4,3,975,484,4666
3,1,6,4,4,0,2447,262,2447
3,1,6,4,4,1,588,492,2447
4,1,6,4,4,0,3401,340,3401
4,1,6,4,4,1,743,626,3401
5,1,6,4,4,0,4226,418,4226
5,1,6,4,4,1,849,758,4226
2,5,6,5,4,0,545,204,545
2,5,6,5,4,1,507,382,545
2,5,6,5,4,5,1500,625,545
2,10,6,5,4,0,1002,229,1002
2,10,6,5,4,1,552,404,1002
2,10,6,5,4,2,809,462,1002
2,10,6,5,4,5,1516,647,1002
3,29,6,5,4,0,2880,402,2880
3,29,6,5,4,1,788,615,2880
4,16,6,5,4,0,2421,415,2421
4,16,6,5,4,1,856,697,2421
4,16,6,5,4,2,1195,754,2421
4,16,6,5,4,4,1957,884,2421
4,16,6,5,4,8,3419,1125,2421
5,18,6,5,4,0,3845,503,3845
5,18,6,5,4,1,1003,836,3845
5,18,6,5,4,2,1447,895,3845
5,18,6,5,4,3,1816,955,3845
5,18,6,5,4,6,3060,1146,3845
8,6,6,5,4,0,4757,677,4757
8,6,6,5,4,1,1323,1182,4757
8,6,6,5,4,2,1949,1242,4757
8,6,6,5,4,3,2623,1303,4757
8,6,6,5,4,6,4474,1497,4757
11,1,6,5,4,0,1484,886,1484
11,1,6,5,4,1,1652,1554,1484
15,1,6,5,4,0,1958,1198,1958
15,1,6,5,4,1,2384,2084,1958
17,2,6,5,4,0,4311,1359,4311
17,2,6,5,4,1,2630,2353,4311
17,2,6,5,4,2,3969,2415,4311
20,1,6,5,4,0,3317,1588,3317
20,1,6,5,4,1,3009,2744,3317
2,19,6,6,4,0,1962,274,1962
2,19,6,6,4,1,593,444,1962
2,29,6,6,4,0,2948,324,2948
2,29,6,6,4,1,651,485,2948
3,9,6,6,4,0,1020,302,1020
3,9,6,6,4,1,678,534,1020
3,9,6,6,4,3,1258,664,1020
3,23,6,6,4,0,2444,372,2444
3,23,6,6,4,1,760,593,2444
4,9,6,6,4,0,1498,380,1498
4,9,6,6,4,1,814,668,1498
4,9,6,6,4,3,1561,799,1498
5,2,6,6,4,0,579,423,579
5,2,6,6,4,1,862,767,579
5,2,6,6,4,2,1267,829,579
5,15,6,6,4,0,3408,488,3408
5,15,6,6,4,1,972,825,3408
5,15,6,6,4,3,1841,958,3408
5,15,6,6,4,5,2631,1083,3408
5,17,6,6,4,0,3844,498,3844
5,17,6,6,4,1,995,834,3844
12,3,6,6,4,0,4288,974,4288
12,3,6,6,4,1,1800,1699,4288
12,3,6,6,4,3,3498,1833,4288
14,3,6,6,4,0,4825,1130,4825
14,3,6,6,4,1,2086,1963,4825
14,3,6,6,4,3,3991,2097,4825
1,32,6,7,4,0,545,261,545
1,32,6,7,4,1,502,365,545
1,32,6,7,4,2,678,426,545
1,32,6,7,4,4,1031,559,545
1,32,6,7,4,8,1732,808,545
2,9,6,7,4,0,1037,224,1037
2,9,6,7,4,1,539,404,1037
2,9,6,7,4,3,1044,536,1037
2,13,6,7,4,0,1459,244,1459
2,13,6,7,4,1,563,420,1459
2,22,6,7,4,0,2410,289,2410
2,22,6,7,4,1,607,458,2410
2,22,6,7,4,2,916,520,2410
3,17,6,7,4,0,1936,342,1936
3,17,6,7,4,1,730,570,1936
4,17,6,7,4,0,2872,420,2872
4,17,6,7,4,1,858,704,2872
4,20,6,7,4,0,3357,435,3357
4,20,6,7,4,1,871,716,3357
4,20,6,7,4,2,1308,779,3357
4,20,6,7,4,4,2053,917,3357
4,20,6,7,4,5,2356,981,3357
5,16,6,7,4,0,3817,493,3817
5,16,6,7,4,1,971,831,3817
5,16,6,7,4,2,1369,894,3817
5,16,6,7,4,4,2208,1032,3817
5,16,6,7,4,8,3810,1289,3817
5,18,6,7,4,0,4277,503,4277
5,18,6,7,4,1,1006,840,4277
5,18,6,7,4,2,1464,903,4277
5,18,6,7,4,3,1818,978,4277
5,18,6,7,4,6,3064,1170,4277
9,4,6,7,4,0,4757,745,4757
9,4,6,7,4,1,1441,1309,4757
9,4,6,7,4,2,2117,1373,4757
9,4,6,7,4,4,3457,1513,4757
1,30,6,8,4,0,543,251,543
1,30,6,8,4,1,507,359,543
1,30,6,8,4,2,711,422,543
1,30,6,8,4,3,977,495,543
1,30,6,8,4,5,1265,622,543
1,30,6,8,4,6,1488,687,543
2,21,6,8,4,0,2452,284,2452
2,21,6,8,4,1,607,456,2452
2,21,6,8,4,3,1118,593,2452
2,21,6,8,4,7,2139,854,2452
2,25,6,8,4,0,2904,304,2904
2,25,6,8,4,1,631,472,2904
2,25,6,8,4,5,1716,741,2904
3,8,6,8,4,0,1015,297,1015
3,8,6,8,4,1,651,533,1015
3,8,6,8,4,2,942,597,1015
3,8,6,8,4,4,1521,735,1015
3,8,6,8,4,8,2704,997,1015
4,8,6,8,4,0,1490,375,1490
4,8,6,8,4,1,793,667,1490
4,8,6,8,4,2,1169,732,1490
4,8,6,8,4,4,1907,873,1490
4,8,6,8,4,8,3414,1139,1490
4,19,6,8,4,0,3368,430,3368
4,19,6,8,4,1,871,714,3368
4,22,6,8,4,0,3878,445,3878
4,22,6,8,4,1,882,726,3878
4,22,6,8,4,2,1317,791,3878
8,2,6,8,4,0,1992,657,1992
8,2,6,8,4,1,1292,1169,1992
8,2,6,8,4,2,1922,1236,1992
15,2,6,8,4,0,4288,1203,4288
15,2,6,8,4,1,2379,2095,4288
15,2,6,8,4,2,3574,2163,4288
19,2,6,8,4,0,4811,1515,4811
19,2,6,8,4,1,2861,2623,4811
19,2,6,8,4,2,4265,2691,4811
1,2,7,2,4,0,844,124,844
1,2,7,2,4,1,358,249,844
1,2,7,2,4,2,549,301,844
1,8,7,2,4,0,3172,154,3172
1,8,7,2,4,1,398,277,3172
1,8,7,2,4,2,586,328,3172
1,8,7,2,4,4,970,432,3172
1,8,7,2,4,8,1726,643,3172
1,9,7,2,4,0,3559,159,3559
1,9,7,2,4,1,427,282,3559
1,9,7,2,4,3,809,384,3559
2,3,7,2,4,0,2284,220,2284
2,3,7,2,4,1,542,410,2284
2,3,7,2,4,3,1108,516,2284
3,1,7,2,4,0,1268,301,1268
3,1,7,2,4,1,659,554,1268
4,1,7,2,4,0,1720,392,1720
4,1,7,2,4,1,840,710,1720
4,3,7,2,4,0,4890,402,4890
4,3,7,2,4,1,870,720,4890
4,3,7,2,4,3,1747,828,4890
5,2,7,2,4,0,3937,488,3937
5,2,7,2,4,1,992,869,3937
5,2,7,2,4,2,1493,923,3937
7,1,7,2,4,0,2786,665,2786
7,1,7,2,4,1,1169,1172,2786
11,1,7,2,4,0,4396,1029,4396
11,1,7,2,4,1,2019,1790,4396
1,4,7,3,4,0,2656,134,2656
1,4,7,3,4,1,373,261,2656
1,4,7,3,4,2,558,314,2656
1,4,7,3,4,4,946,423,2656
1,5,7,3,4,0,3264,139,3264
1,5,7,3,4,1,392,266,3264
1,5,7,3,4,5,1143,482,3264
1,7,7,3,4,0,4750,149,4750
1,7,7,3,4,1,399,274,4750
1,7,7,3,4,7,1542,606,4750
2,1,7,3,4,0,1256,210,1256
2,1,7,3,4,1,534,402,1256
2,2,7,3,4,0,2422,215,2422
2,2,7,3,4,1,537,407,2422
2,2,7,3,4,2,821,462,2422
2,3,7,3,4,0,3586,220,3586
2,3,7,3,4,1,545,412,3586
2,3,7,3,4,3,1117,522,3586
3,1,7,3,4,0,1913,301,1913
3,1,7,3,4,1,657,556,1913
6,1,7,3,4,0,3860,574,3860
6,1,7,3,4,1,1147,1020,3860
2,5,7,4,4,0,551,230,551
2,5,7,4,4,1,566,424,551
2,5,7,4,4,5,1697,659,551
2,10,7,4,4,0,1008,255,1008
2,10,7,4,4,1,602,446,1008
2,10,7,4,4,2,901,502,1008
2,10,7,4,4,5,1722,681,1008
2,15,7,4,4,0,1467,280,1467
2,15,7,4,4,1,629,467,1467
2,15,7,4,4,3,1235,580,1467
2,15,7,4,4,5,1776,702,1467
3,19,7,4,4,0,1933,391,1933
3,19,7,4,4,1,820,639,1933
4,16,7,4,4,0,2434,467,2434
4,16,7,4,4,1,937,781,2434
4,16,7,4,4,2,1391,838,2434
4,16,7,4,4,4,2250,954,2434
4,16,7,4,4,8,4013,1197,2434
4,29,7,4,4,0,4303,532,4303
4,29,7,4,4,1,1025,835,4303
5,18,7,4,4,0,3860,568,3860
5,18,7,4,4,1,1148,944,3860
5,18,7,4,4,2,1688,1001,3860
5,18,7,4,4,3,2117,1059,3860
5,18,7,4,4,6,3636,1244,3860
8,6,7,4,4,0,4781,781,4781
8,6,7,4,4,1,1563,1356,4781
8,6,7,4,4,2,2385,1414,4781
8,6,7,4,4,3,3102,1473,4781
8,6,7,4,4,6,5568,1661,4781
13,3,7,4,4,0,2913,1221,2913
13,3,7,4,4,1,2267,2113,2913
13,3,7,4,4,3,4452,2230,2913
20,1,7,4,4,0,3377,1848,3377
20,1,7,4,4,1,4136,3182,3377
2,14,7,5,4,0,1474,275,1474
2,14,7,5,4,1,622,464,1474
2,14,7,5,4,2,908,522,1474
2,14,7,5,4,7,2330,827,1474
3,4,7,5,4,0,520,316,520
3,4,7,5,4,1,710,575,520
3,4,7,5,4,2,1008,633,520
3,4,7,5,4,4,1672,759,520
3,18,7,5,4,0,1944,386,1944
3,18,7,5,4,1,824,636,1944
3,18,7,5,4,2,1206,694,1944
3,18,7,5,4,3,1468,753,1944
3,18,7,5,4,6,2468,940,1944
4,18,7,5,4,0,2884,477,2884
4,18,7,5,4,1,977,794,2884
4,18,7,5,4,2,1460,851,2884
4,18,7,5,4,3,1848,910,2884
4,18,7,5,4,6,3179,1100,2884
4,21,7,5,4,0,3342,492,3342
4,21,7,5,4,1,991,806,3342
4,21,7,5,4,3,1866,922,3342
4,21,7,5,4,7,3657,1173,3342
4,24,7,5,4,0,3800,507,3800
4,24,7,5,4,1,984,816,3800
4,24,7,5,4,2,1461,875,3800
4,24,7,5,4,3,1875,935,3800
4,24,7,5,4,4,2362,1005,3800
4,24,7,5,4,6,3230,1126,3800
4,24,7,5,4,8,4126,1246,3800
5,4,7,5,4,0,1028,498,1028
5,4,7,5,4,1,1031,885,1028
5,4,7,5,4,2,1494,944,1028
5,4,7,5,4,4,2514,1073,1028
5,21,7,5,4,0,4729,583,4729
5,21,7,5,4,1,1169,958,4729
5,21,7,5,4,3,2154,1077,4729
5,21,7,5,4,7,4147,1329,4729
6,4,7,5,4,0,2418,589,2418
6,4,7,5,4,1,1162,1039,2418
6,4,7,5,4,2,1719,1098,2418
6,4,7,5,4,4,2864,1227,2418
7,4,7,5,4,0,4275,680,4275
7,4,7,5,4,1,1206,1193,4275
7,4,7,5,4,2,1682,1252,4275
7,4,7,5,4,4,2704,1381,4275
1,32,7,6,4,0,545,274,545
1,32,7,6,4,1,533,385,545
1,32,7,6,4,2,736,444,545
1,32,7,6,4,4,1130,573,545
1,32,7,6,4,8,1906,814,545
2,9,7,6,4,0,1043,250,1043
2,9,7,6,4,1,599,446,1043
2,9,7,6,4,3,1190,574,1043
2,22,7,6,4,0,2416,315,2416
2,22,7,6,4,1,666,500,2416
2,22,7,6,4,2,1024,560,2416
3,13,7,6,4,0,1513,361,1513
3,13,7,6,4,1,773,617,1513
3,26,7,6,4,0,2914,426,2914
3,26,7,6,4,1,855,671,2914
3,26,7,6,4,2,1240,731,2914
4,23,7,6,4,0,3855,502,3855
4,23,7,6,4,1,1007,814,3855
5,14,7,6,4,0,3374,548,3374
5,14,7,6,4,1,1112,931,3374
5,14,7,6,4,2,1596,992,3374
5,14,7,6,4,7,4056,1312,3374
9,4,7,6,4,0,4783,862,4783
9,4,7,6,4,1,1722,1505,4783
9,4,7,6,4,2,2563,1567,4783
9,4,7,6,4,4,4252,1703,4783
14,1,7,6,4,0,1955,1302,1955
14,1,7,6,4,1,2448,2260,1955
23,1,7,6,4,0,4329,2121,4329
23,1,7,6,4,1,4737,3648,4329
1,30,7,7,4,0,543,264,543
1,30,7,7,4,1,538,379,543
1,30,7,7,4,2,767,440,543
1,30,7,7,4,3,1021,511,543
1,30,7,7,4,5,1381,634,543
1,30,7,7,4,6,1626,697,543
2,25,7,7,4,0,2910,330,2910
2,25,7,7,4,1,690,514,2910
2,25,7,7,4,5,1933,775,2910
3,8,7,7,4,0,1024,336,1024
3,8,7,7,4,1,728,597,1024
3,8,7,7,4,2,1070,659,1024
3,8,7,7,4,4,1736,793,1024
3,8,7,7,4,8,3057,1047,1024
4,8,7,7,4,0,1502,427,1502
4,8,7,7,4,1,897,753,1502
4,8,7,7,4,2,1348,816,1502
4,8,7,7,4,4,2227,953,1502
4,8,7,7,4,8,4001,1211,1502
4,19,7,7,4,0,3380,482,3380
4,19,7,7,4,1,982,800,3380
5,19,7,7,4,0,4751,573,4751
5,19,7,7,4,1,1160,954,4751
9,3,7,7,4,0,3839,857,3839
9,3,7,7,4,1,1721,1502,3839
9,3,7,7,4,3,3283,1641,3839
10,1,7,7,4,0,1942,938,1942
10,1,7,7,4,1,1888,1646,1942
13,2,7,7,4,0,2428,1216,2428
13,2,7,7,4,1,2307,2113,2428
13,2,7,7,4,2,3347,2178,2428
15,2,7,7,4,0,4334,1398,4334
15,2,7,7,4,1,3164,2423,4334
15,2,7,7,4,2,4962,2489,4334
1,29,7,8,4,0,555,259,555
1,29,7,8,4,1,541,377,555
3,31,7,8,4,0,3823,451,3823
3,31,7,8,4,1,903,695,3823
4,5,7,8,4,0,1035,412,1035
4,5,7,8,4,1,899,742,1035
4,5,7,8,4,5,2660,1014,1035
4,10,7,8,4,0,1932,437,1932
4,10,7,8,4,1,932,764,1932
4,10,7,8,4,2,1405,829,1932
4,10,7,8,4,5,2692,1036,1932
4,18,7,8,4,0,3370,477,3370
4,18,7,8,4,1,968,798,3370
4,18,7,8,4,2,1455,863,3370
4,18,7,8,4,3,1908,938,3370
4,18,7,8,4,6,3237,1136,3370
5,9,7,8,4,0,2440,523,2440
5,9,7,8,4,1,1085,914,2440
5,9,7,8,4,3,2090,1055,2440
6,4,7,8,4,0,2886,589,2886
6,4,7,8,4,1,1207,1045,2886
6,4,7,8,4,2,1731,1110,2886
6,4,7,8,4,4,2835,1251,2886
9,1,7,8,4,0,1504,847,1504
9,1,7,8,4,1,1695,1494,1504
13,4,7,8,4,0,4760,1226,4760
13,4,7,8,4,1,2337,2125,4760
13,4,7,8,4,2,3426,2191,4760
13,4,7,8,4,4,5545,2335,4760
21,1,7,8,4,0,4327,1939,4327
21,1,7,8,4,1,4347,3344,4327
1,3,8,2,4,0,1284,142,1284
1,3,8,2,4,1,354,276,1284
1,3,8,2,4,3,681,380,1284
1,5,8,2,4,0,2092,152,2092
1,5,8,2,4,1,375,286,2092
1,5,8,2,4,5,1033,494,2092
1,12,8,2,4,0,4857,187,4857
1,12,8,2,4,1,425,316,4857
1,12,8,2,4,2,605,367,4857
1,12,8,2,4,3,745,419,4857
1,12,8,2,4,4,943,471,4857
1,12,8,2,4,6,1239,576,4857
2,1,8,2,4,0,896,236,896
2,1,8,2,4,1,504,444,896
2,2,8,2,4,0,1697,241,1697
2,2,8,2,4,1,503,449,1697
2,2,8,2,4,2,742,502,1697
3,2,8,2,4,0,2685,345,2685
3,2,8,2,4,1,677,625,2685
3,2,8,2,4,2,971,678,2685
3,3,8,2,4,0,3965,350,3965
3,3,8,2,4,1,683,631,3965
3,3,8,2,4,3,1297,736,3965
4,2,8,2,4,0,3616,449,3616
4,2,8,2,4,1,834,803,3616
4,2,8,2,4,2,1209,857,3616
7,1,8,2,4,0,3183,756,3183
7,1,8,2,4,1,1311,1326,3183
1,23,8,3,4,0,1032,242,1032
1,23,8,3,4,1,483,364,1032
2,15,8,3,4,0,1472,306,1472
2,15,8,3,4,1,603,509,1472
2,15,8,3,4,3,1118,618,1472
2,15,8,3,4,5,1547,728,1472
3,19,8,3,4,0,1942,430,1942
3,19,8,3,4,1,826,703,1942
3,29,8,3,4,0,2898,480,2898
3,29,8,3,4,1,880,743,2898
4,3,8,3,4,0,579,454,579
4,3,8,3,4,1,853,810,579
4,3,8,3,4,3,1599,922,579
4,29,8,3,4,0,4315,584,4315
4,29,8,3,4,1,1033,924,4315
4,32,8,3,4,0,4746,599,4746
4,32,8,3,4,1,1059,936,4746
4,32,8,3,4,2,1387,988,4746
4,32,8,3,4,4,2126,1100,4746
4,32,8,3,4,8,3610,1336,4746
6,7,8,3,4,0,3842,682,3842
6,7,8,3,4,1,1210,1181,3842
6,7,8,3,4,7,4140,1526,3842
17,1,8,3,4,0,2442,1796,2442
17,1,8,3,4,1,2919,3092,2442
25,1,8,3,4,0,3411,2628,3411
25,1,8,3,4,1,4185,4500,3411
2,5,8,4,4,0,591,256,591
2,5,8,4,4,1,537,468,591
2,5,8,4,4,5,1474,703,591
3,32,8,4,4,0,3377,495,3377
3,32,8,4,4,1,876,757,3377
3,32,8,4,4,2,1175,813,3377
3,32,8,4,4,4,1764,927,3377
3,32,8,4,4,8,2982,1166,3377
4,9,8,4,4,0,1522,484,1522
4,9,8,4,4,1,905,840,1522
4,9,8,4,4,3,1646,954,1522
4,12,8,4,4,0,1980,499,1980
4,12,8,4,4,1,924,852,1980
4,12,8,4,4,2,1309,909,1980
4,12,8,4,4,3,1646,967,1980
4,12,8,4,4,4,2046,1025,1980
4,12,8,4,4,6,2762,1151,1980
4,15,8,4,4,0,2438,514,2438
4,15,8,4,4,1,932,865,2438
4,15,8,4,4,3,1726,980,2438
4,15,8,4,4,5,2427,1105,2438
4,18,8,4,4,0,2896,529,2896
4,18,8,4,4,1,953,878,2896
4,18,8,4,4,2,1375,935,2896
4,18,8,4,4,3,1711,992,2896
4,18,8,4,4,6,2824,1176,2896
4,24,8,4,4,0,3812,559,3812
4,24,8,4,4,1,980,902,3812
4,24,8,4,4,2,1389,959,3812
4,24,8,4,4,3,1713,1017,3812
4,24,8,4,4,4,2133,1075,3812
4,24,8,4,4,6,2848,1202,3812
4,24,8,4,4,8,3609,1318,3812
5,19,8,4,4,0,4310,638,4310
5,19,8,4,4,1,1141,1058,4310
5,21,8,4,4,0,4744,648,4744
5,21,8,4,4,1,1158,1066,4744
5,21,8,4,4,3,1979,1181,4744
5,21,8,4,4,7,3716,1425,4744
8,1,8,4,4,0,1052,860,1052
8,1,8,4,4,1,1494,1508,1052
1,11,8,5,4,0,598,182,598
1,11,8,5,4,1,433,318,598
2,9,8,5,4,0,1048,276,1048
2,9,8,5,4,1,574,488,1048
2,9,8,5,4,3,1044,604,1048
2,22,8,5,4,0,2421,341,2421
2,22,8,5,4,1,639,542,2421
2,22,8,5,4,2,938,600,2421
2,31,8,5,4,0,3372,386,3372
2,31,8,5,4,1,707,581,3372
3,13,8,5,4,0,1521,400,1521
3,13,8,5,4,1,773,681,1521
4,17,8,5,4,0,2897,524,2897
4,17,8,5,4,1,965,878,2897
5,18,8,5,4,0,4307,633,4307
5,18,8,5,4,1,1137,1056,4307
5,18,8,5,4,2,1659,1115,4307
5,18,8,5,4,3,1981,1175,4307
5,18,8,5,4,6,3351,1366,4307
5,20,8,5,4,0,4767,643,4767
5,20,8,5,4,1,1179,1064,4767
5,20,8,5,4,2,1652,1123,4767
5,20,8,5,4,4,2530,1253,4767
5,20,8,5,4,5,2824,1313,4767
6,3,8,5,4,0,1997,662,1997
6,3,8,5,4,1,1175,1167,1997
6,3,8,5,4,3,2179,1286,1997
20,1,8,5,4,0,3825,2108,3825
20,1,8,5,4,1,3396,3624,3825
1,10,8,6,4,0,579,177,579
1,10,8,6,4,1,418,316,579
1,10,8,6,4,2,606,375,579
1,10,8,6,4,5,1063,562,579
1,19,8,6,4,0,1037,222,1037
1,19,8,6,4,1,471,354,1037
2,17,8,6,4,0,2013,316,2013
2,17,8,6,4,1,618,524,2013
2,21,8,6,4,0,2463,336,2463
2,21,8,6,4,1,637,540,2463
2,21,8,6,4,3,1121,669,2463
2,21,8,6,4,7,2092,914,2463
4,8,8,6,4,0,1514,479,1514
4,8,8,6,4,1,876,839,1514
4,8,8,6,4,2,1231,900,1514
4,8,8,6,4,4,1965,1033,1514
4,8,8,6,4,8,3467,1283,1514
5,19,8,6,4,0,4766,638,4766
5,19,8,6,4,1,1159,1062,4766
8,3,8,6,4,0,2934,870,2934
8,3,8,6,4,1,1508,1522,2934
8,3,8,6,4,3,2792,1657,2934
9,3,8,6,4,0,3866,974,3866
9,3,8,6,4,1,1692,1698,3866
9,3,8,6,4,3,3119,1833,3866
12,2,8,6,4,0,3397,1281,3397
12,2,8,6,4,1,2144,2221,3397
12,2,8,6,4,2,3036,2284,3397
15,2,8,6,4,0,4379,1593,4379
15,2,8,6,4,1,2619,2751,4379
15,2,8,6,4,2,3700,2815,4379
1,27,8,7,4,0,1522,262,1522
1,27,8,7,4,1,513,388,1522
1,27,8,7,4,3,975,521,1522
2,8,8,7,4,0,1055,271,1055
2,8,8,7,4,1,556,487,1055
2,8,8,7,4,2,788,549,1055
2,8,8,7,4,4,1266,683,1055
2,8,8,7,4,8,2224,937,1055
2,16,8,7,4,0,2011,311,2011
2,16,8,7,4,1,603,521,2011
2,16,8,7,4,2,833,583,2011
2,16,8,7,4,4,1317,718,2011
2,16,8,7,4,8,2256,971,2011
3,4,8,7,4,0,601,355,601
3,4,8,7,4,1,698,645,601
3,4,8,7,4,2,994,707,601
3,4,8,7,4,4,1614,841,601
4,18,8,7,4,0,3382,529,3382
4,18,8,7,4,1,957,884,3382
4,18,8,7,4,2,1381,947,3382
4,18,8,7,4,3,1733,1020,3382
4,18,8,7,4,6,2852,1212,3382
4,23,8,7,4,0,4281,554,4281
4,23,8,7,4,1,972,904,4281
5,9,8,7,4,0,2456,588,2456
5,9,8,7,4,1,1107,1022,2456
5,9,8,7,4,3,1968,1159,2456
6,4,8,7,4,0,2904,667,2904
6,4,8,7,4,1,1180,1175,2904
6,4,8,7,4,2,1667,1238,2904
6,4,8,7,4,4,2695,1375,2904
10,2,8,7,4,0,3847,1073,3847
10,2,8,7,4,1,1836,1871,3847
10,2,8,7,4,2,2627,1936,3847
13,4,8,7,4,0,4799,1395,4799
13,4,8,7,4,1,2302,2409,4799
13,4,8,7,4,2,3220,2473,4799
13,4,8,7,4,4,5091,2613,4799
1,17,8,8,4,0,1037,212,1037
1,17,8,8,4,1,458,350,1037
2,4,8,8,4,0,603,251,603
2,4,8,8,4,1,527,471,603
2,4,8,8,4,2,762,535,603
2,4,8,8,4,4,1252,673,603
2,15,8,8,4,0,1997,306,1997
2,15,8,8,4,1,610,519,1997
2,15,8,8,4,3,1139,657,1997
2,15,8,8,4,5,1574,786,1997
2,26,8,8,4,0,3391,361,3391
2,26,8,8,4,1,668,564,3391
2,26,8,8,4,2,958,628,3391
4,12,8,8,4,0,2412,499,2412
4,12,8,8,4,1,923,860,2412
4,12,8,8,4,2,1312,925,2412
4,12,8,8,4,3,1665,1001,2412
4,12,8,8,4,4,2056,1066,2412
4,12,8,8,4,6,2772,1199,2412
4,22,8,8,4,0,4298,549,4298
4,22,8,8,4,1,975,902,4298
4,22,8,8,4,2,1409,967,4298
7,1,8,8,4,0,1537,756,1537
7,1,8,8,4,1,1315,1338,1537
9,2,8,8,4,0,2915,969,2915
9,2,8,8,4,1,1675,1697,2915
9,2,8,8,4,2,2405,1764,2915
13,3,8,8,4,0,3882,1390,3882
13,3,8,8,4,1,2302,2407,3882
13,3,8,8,4,3,4151,2549,3882
15,2,8,8,4,0,4849,1593,4849
15,2,8,8,4,1,2608,2755,4849
15,2,8,8,4,2,3675,2823,4849
1,8,4,2,4,8,1261,577,1914
1,16,4,2,4,8,1286,610,3782
2,8,4,2,4,8,1600,674,3768
1,8,4,3,4,8,1283,599,3026
1,8,4,4,4,8,1293,615,4594
1,8,4,5,4,8,1278,631,5202
1,8,4,7,4,8,1318,663,394
1,24,4,7,4,8,1448,730,1060
2,32,4,7,4,8,1782,862,3136
3,24,4,7,4,8,2107,918,2383
4,24,4,7,4,8,2433,1014,3547
5,8,4,7,4,8,2601,1035,1759
5,24,4,7,4,8,2761,1104,5049
6,8,4,7,4,8,2890,1123,4291
1,8,4,8,4,8,1316,679,418
1,24,4,8,4,8,1456,746,1132
2,16,4,8,4,8,1698,811,1716
3,24,4,8,4,8,2140,934,2527
3,32,4,8,4,8,2123,966,3341
4,24,4,8,4,8,2393,1030,3763
4,32,4,8,4,8,2399,1064,4985
6,8,4,8,4,8,2921,1139,4603
